src_ip,0,1,2,3,4,5,6,7,8,9,10,11,12,13,14,15,16,17,18,19,20,21,22,23,24,25,26,27,28,29,30,31,32,33,34,35,36,37,38,39,40,41,42,43,44,45,46,47,48,49,50,51,52,53,54,55,56,57,58,59,60,61,62,63,64,65,66,67,68,69,70,71,72,73,74,75,76,77,78,79,80,81,82,83,84,85,86,87,88,89,90,91,92,93,94,95,96,97,98,99,100,101,102,103,104,105,106,107,108,109,110,111,112,113,114,115,116,117,118,119,120,121,122,123,124,125,126,127
192.168.1.3,0.0031045473,0.7986714,0.80195683,0.7989912,-0.001434916,-0.002156511,0.79896843,1.0487973e-05,0.8027986,0.8028899,0.0040011103,0.001121247,0.79526424,0.00033020385,0.79968804,0.8008995,-0.0016072965,0.79809713,0.7999027,0.002070721,0.0054031787,0.0018018177,0.79873425,0.7980532,0.0017476504,-0.0025916698,-0.0048194155,0.8028377,-0.0025303503,0.80162334,0.8043896,0.79479563,0.8022799,-0.004665693,-0.003849683,0.0034337132,-0.0016133863,0.8040393,0.0025570197,-0.0027073184,0.0036223943,0.7944878,-0.0039760713,-0.0011425937,-0.0006466764,0.79813355,-0.0055574235,0.0013636032,0.0018818174,-0.00022762333,0.79012513,0.7988672,0.79411006,0.0018192036,-0.0036956978,0.7984606,0.0062554544,-0.0041223955,-0.0013112333,0.8047453,-0.0054188054,-0.0049782763,0.801324,-0.003320674,0.0033957658,0.0011737879,0.7967648,-0.0013802046,-0.0007549238,0.7997372,-0.0023502754,-0.006027778,-0.002064526,0.8022575,0.804129,0.802859,-0.0032144254,-0.001188793,0.7929195,0.80052054,0.79916203,0.0040113376,0.7937222,0.004952526,0.8024959,0.7957102,-0.000117291114,0.79880005,-0.004255031,0.80393875,0.79567915,-0.0036128268,0.8023674,0.8036139,0.7975533,0.0001022662,-0.0033886582,-0.0036054968,0.00056941697,0.0025192783,-0.004872586,0.8016412,0.7978371,-0.0031706835,0.0034290927,-0.0058636535,-7.6793076e-05,0.80157703,-0.002732387,0.7967521,-0.0045344895,-0.003117085,0.006491161,0.003678029,0.8013602,-0.00020752999,0.8013172,-0.00617374,0.7942247,0.004980468,-0.0020179623,0.79268193,-0.00037426228,0.005216713,-0.004402845,0.80082655,0.003357001,0.79040694
192.168.1.33,0.0031045473,4.9812846,4.984371,4.982247,-0.001434916,-0.002156511,4.9812746,1.0487973e-05,4.9858975,4.980008,0.0040011103,0.001121247,4.976007,0.00033020385,4.982003,4.9833775,-0.0016072965,4.9801903,4.981931,0.002070721,0.0054031787,0.0018018177,4.9809055,4.9809656,0.0017476504,-0.0025916698,-0.0048194155,4.984995,-0.0025303503,4.984368,4.985992,4.977133,4.983938,-0.004665693,-0.003849683,0.0034337132,-0.0016133863,4.9866796,0.0025570197,-0.0027073184,0.0036223943,4.9774284,-0.0039760713,-0.0011425937,-0.0006466764,4.9803395,-0.0055574235,0.0013636032,0.0018818174,-0.00022762333,4.974423,4.980637,4.976507,0.0018192036,-0.0036956978,4.980548,0.0062554544,-0.0041223955,-0.0013112333,4.988053,-0.0054188054,-0.0049782763,4.983558,-0.003320674,0.0033957658,0.0011737879,4.9789295,-0.0013802046,-0.0007549238,4.982057,-0.0023502754,-0.006027778,-0.002064526,4.98725,4.986768,4.9844656,-0.0032144254,-0.001188793,4.9750566,4.983149,4.9832397,0.0040113376,4.9761496,0.004952526,4.98138,4.977864,-0.000117291114,4.981205,-0.004255031,4.9865923,4.9781647,-0.0036128268,4.9848194,4.9862547,4.9795256,0.0001022662,-0.0033886582,-0.0036054968,0.00056941697,0.0025192783,-0.004872586,4.984551,4.980742,-0.0031706835,0.0034290927,-0.0058636535,-7.6793076e-05,4.984271,-0.002732387,4.9758353,-0.0045344895,-0.003117085,0.006491161,0.003678029,4.984061,-0.00020752999,4.983966,-0.00617374,4.97728,0.004980468,-0.0020179623,4.9750175,-0.00037426228,0.005216713,-0.004402845,4.984668,0.003357001,4.977683
192.168.1.6,0.0031045473,0.6755077,0.67917436,0.675924,-0.001434916,-0.002156511,0.67582816,1.0487973e-05,0.6796986,0.6795259,0.0040011103,0.001121247,0.67803854,0.00033020385,0.67669904,0.6777473,-0.0016072965,0.67502856,0.6765853,0.002070721,0.0054031787,0.0018018177,0.6756449,0.67439324,0.0017476504,-0.0025916698,-0.0048194155,0.67968166,-0.0025303503,0.67855096,0.6814902,0.6718418,0.6790737,-0.004665693,-0.003849683,0.0034337132,-0.0016133863,0.68095315,0.0025570197,-0.0027073184,0.0036223943,0.6713725,-0.0039760713,-0.0011425937,-0.0006466764,0.67506427,-0.0055574235,0.0013636032,0.0018818174,-0.00022762333,0.667546,0.6756449,0.6711775,0.0018192036,-0.0036956978,0.6754868,0.0062554544,-0.0041223955,-0.0013112333,0.6815326,-0.0054188054,-0.0049782763,0.67816406,-0.003320674,0.0033957658,0.0011737879,0.67374176,-0.0013802046,-0.0007549238,0.67659974,-0.0023502754,-0.006027778,-0.002064526,0.67840767,0.6811093,0.6796755,-0.0032144254,-0.001188793,0.6696916,0.67747,0.67691827,0.0040113376,0.67051077,0.004952526,0.67956424,0.6725509,-0.000117291114,0.675582,-0.004255031,0.6807074,0.6726525,-0.0036128268,0.6792162,0.6803843,0.674958,0.0001022662,-0.0033886582,-0.0036054968,0.00056941697,0.0025192783,-0.004872586,0.67852914,0.6746881,-0.0031706835,0.0034290927,-0.0058636535,-7.6793076e-05,0.6784955,-0.002732387,0.673126,-0.0045344895,-0.003117085,0.006491161,0.003678029,0.67823225,-0.00020752999,0.67826957,-0.00617374,0.671072,0.004980468,-0.0020179623,0.66967326,-0.00037426228,0.005216713,-0.004402845,0.67758024,0.003357001,0.66811293
192.168.1.50,0.0031045473,1.2527547,1.2560897,1.253168,-0.001434916,-0.002156511,1.2530222,1.0487973e-05,1.2569506,1.2563026,0.0040011103,0.001121247,1.2502359,0.00033020385,1.2537726,1.2549704,-0.0016072965,1.2521405,1.2538892,0.002070721,0.0054031787,0.0018018177,1.2527823,1.252077,0.0017476504,-0.0025916698,-0.0048194155,1.2568712,-0.0025303503,1.2557403,1.2584103,1.2488899,1.2562455,-0.004665693,-0.003849683,0.0034337132,-0.0016133863,1.2581427,0.0025570197,-0.0027073184,0.0036223943,1.2486179,-0.0039760713,-0.0011425937,-0.0006466764,1.2521906,-0.0055574235,0.0013636032,0.0018818174,-0.00022762333,1.2445205,1.2528424,1.2482175,0.0018192036,-0.0036956978,1.2525221,0.0062554544,-0.0041223955,-0.0013112333,1.2588996,-0.0054188054,-0.0049782763,1.2553658,-0.003320674,0.0033957658,0.0011737879,1.2508249,-0.0013802046,-0.0007549238,1.2537934,-0.0023502754,-0.006027778,-0.002064526,1.2564687,1.2582455,1.2568225,-0.0032144254,-0.001188793,1.246935,1.2546288,1.2536038,0.0040113376,1.2477716,0.004952526,1.2561891,1.2497423,-0.000117291114,1.2528483,-0.004255031,1.2580137,1.2497759,-0.0036128268,1.2564366,1.2576886,1.2516793,0.0001022662,-0.0033886582,-0.0036054968,0.00056941697,0.0025192783,-0.004872586,1.2557697,1.251958,-0.0031706835,0.0034290927,-0.0058636535,-7.6793076e-05,1.2556847,-0.002732387,1.250342,-0.0045344895,-0.003117085,0.006491161,0.003678029,1.2554613,-0.00020752999,1.2554287,-0.00617374,1.2483612,0.004980468,-0.0020179623,1.246764,-0.00037426228,0.005216713,-0.004402845,1.2550333,0.003357001,1.2452065
192.168.1.10,0.0031045473,-0.12852392,-0.12480012,-0.12828428,-0.001434916,-0.002156511,-0.12852882,1.0487973e-05,-0.12501594,-0.13558881,0.0040011103,0.001121247,-0.12537847,0.00033020385,-0.12736456,-0.12630011,-0.0016072965,-0.12974818,-0.12822531,0.002070721,0.0054031787,0.0018018177,-0.12858649,-0.12908472,0.0017476504,-0.0025916698,-0.0048194155,-0.124700606,-0.0025303503,-0.124896325,-0.12409083,-0.13277972,-0.1262395,-0.004665693,-0.003849683,0.0034337132,-0.0016133863,-0.12310747,0.0025570197,-0.0027073184,0.0036223943,-0.13204475,-0.0039760713,-0.0011425937,-0.0006466764,-0.12914522,-0.0055574235,0.0013636032,0.0018818174,-0.00022762333,-0.13307391,-0.12932248,-0.13283657,0.0018192036,-0.0036956978,-0.12909399,0.0062554544,-0.0041223955,-0.0013112333,-0.12301896,-0.0054188054,-0.0049782763,-0.12631693,-0.003320674,0.0033957658,0.0011737879,-0.13063449,-0.0013802046,-0.0007549238,-0.12749007,-0.0023502754,-0.006027778,-0.002064526,-0.12160313,-0.122510165,-0.12594403,-0.0032144254,-0.001188793,-0.134842,-0.12626907,-0.12382495,0.0040113376,-0.1336253,0.004952526,-0.13077395,-0.13176566,-0.000117291114,-0.12862116,-0.004255031,-0.122898474,-0.13229062,-0.0036128268,-0.12465964,-0.124535054,-0.12952568,0.0001022662,-0.0033886582,-0.0036054968,0.00056941697,0.0025192783,-0.004872586,-0.12587555,-0.12947744,-0.0031706835,0.0034290927,-0.0058636535,-7.6793076e-05,-0.12642169,-0.002732387,-0.13683131,-0.0045344895,-0.003117085,0.006491161,0.003678029,-0.12625508,-0.00020752999,-0.12666976,-0.00617374,-0.13298355,0.004980468,-0.0020179623,-0.1343487,-0.00037426228,0.005216713,-0.004402845,-0.12753347,0.003357001,-0.1272735
192.168.1.5,0.0031045473,-0.5105187,-0.5067859,-0.51032704,-0.001434916,-0.002156511,-0.51039857,1.0487973e-05,-0.506909,-0.5140439,0.0040011103,0.001121247,-0.5073714,0.00033020385,-0.5093123,-0.5082723,-0.0016072965,-0.51148516,-0.50993985,0.002070721,0.0054031787,0.0018018177,-0.5104711,-0.5112504,0.0017476504,-0.0025916698,-0.0048194155,-0.5065434,-0.0025303503,-0.5070573,-0.5055646,-0.51459235,-0.5077781,-0.004665693,-0.003849683,0.0034337132,-0.0016133863,-0.50510025,0.0025570197,-0.0027073184,0.0036223943,-0.5142396,-0.0039760713,-0.0011425937,-0.0006466764,-0.51104116,-0.0055574235,0.0013636032,0.0018818174,-0.00022762333,-0.51616526,-0.5109634,-0.51480985,0.0018192036,-0.0036956978,-0.51088136,0.0062554544,-0.0041223955,-0.0013112333,-0.5049797,-0.0054188054,-0.0049782763,-0.508146,-0.003320674,0.0033957658,0.0011737879,-0.51248276,-0.0013802046,-0.0007549238,-0.5094295,-0.0023502754,-0.006027778,-0.002064526,-0.5049216,-0.50461453,-0.5074021,-0.0032144254,-0.001188793,-0.5166431,-0.50834113,-0.5068627,0.0040113376,-0.5155696,0.004952526,-0.5106731,-0.5136253,-0.000117291114,-0.51054317,-0.004255031,-0.50500405,-0.5140427,-0.0036128268,-0.5066709,-0.50631124,-0.51131713,0.0001022662,-0.0033886582,-0.0036054968,0.00056941697,0.0025192783,-0.004872586,-0.50781965,-0.5114793,-0.0031706835,0.0034290927,-0.0058636535,-7.6793076e-05,-0.50821036,-0.002732387,-0.5168397,-0.0045344895,-0.003117085,0.006491161,0.003678029,-0.5081482,-0.00020752999,-0.50844514,-0.00617374,-0.5150343,0.004980468,-0.0020179623,-0.5163101,-0.00037426228,0.005216713,-0.004402845,-0.5094293,0.003357001,-0.5120959
192.168.1.23,0.0031045473,0.2085546,0.21271347,0.20898233,-0.001434916,-0.002156511,0.2085408,1.0487973e-05,0.21219371,0.20060985,0.0040011103,0.001121247,0.21850568,0.00033020385,0.20988804,0.21077445,-0.0016072965,0.20738314,0.20860302,0.002070721,0.0054031787,0.0018018177,0.2085278,0.2074352,0.0017476504,-0.0025916698,-0.0048194155,0.21233624,-0.0025303503,0.21230473,0.21318279,0.2045096,0.21068016,-0.004665693,-0.003849683,0.0034337132,-0.0016133863,0.21406615,0.0025570197,-0.0027073184,0.0036223943,0.20512865,-0.0039760713,-0.0011425937,-0.0006466764,0.2079939,-0.0055574235,0.0013636032,0.0018818174,-0.00022762333,0.20489255,0.20758623,0.20448932,0.0018192036,-0.0036956978,0.20814861,0.0062554544,-0.0041223955,-0.0013112333,0.21407829,-0.0054188054,-0.0049782763,0.21072112,-0.003320674,0.0033957658,0.0011737879,0.20655707,-0.0013802046,-0.0007549238,0.20958488,-0.0023502754,-0.006027778,-0.002064526,0.21493334,0.2147435,0.21099348,-0.0032144254,-0.001188793,0.2021051,0.21094522,0.2145106,0.0040113376,0.20337231,0.004952526,0.20615944,0.2052643,-0.000117291114,0.20836715,-0.004255031,0.21410125,0.20493342,-0.0036128268,0.21241453,0.21246734,0.20817022,0.0001022662,-0.0033886582,-0.0036054968,0.00056941697,0.0025192783,-0.004872586,0.21129736,0.2076504,-0.0031706835,0.0034290927,-0.0058636535,-7.6793076e-05,0.21076423,-0.002732387,0.1992816,-0.0045344895,-0.003117085,0.006491161,0.003678029,0.21087614,-0.00020752999,0.21054983,-0.00617374,0.204159,0.004980468,-0.0020179623,0.20288114,-0.00037426228,0.005216713,-0.004402845,0.20958741,0.003357001,0.2113782
192.168.1.44,0.0031045473,0.17744315,0.18066995,0.17762735,-0.001434916,-0.002156511,0.17768787,1.0487973e-05,0.18133259,0.17953815,0.0040011103,0.001121247,0.17297174,0.00033020385,0.17844047,0.17968069,-0.0016072965,0.17671712,0.17858206,0.002070721,0.0054031787,0.0018018177,0.1774877,0.17705597,0.0017476504,-0.0025916698,-0.0048194155,0.18156947,-0.0025303503,0.1805061,0.1828154,0.17340472,0.18084644,-0.004665693,-0.003849683,0.0034337132,-0.0016133863,0.18278323,0.0025570197,-0.0027073184,0.0036223943,0.17336753,-0.0039760713,-0.0011425937,-0.0006466764,0.17688845,-0.0055574235,0.0013636032,0.0018818174,-0.00022762333,0.16943382,0.17751415,0.17285465,0.0018192036,-0.0036956978,0.17710656,0.0062554544,-0.0041223955,-0.0013112333,0.18332765,-0.0054188054,-0.0049782763,0.1800247,-0.003320674,0.0033957658,0.0011737879,0.17546616,-0.0013802046,-0.0007549238,0.1785205,-0.0023502754,-0.006027778,-0.002064526,0.18195055,0.18296619,0.1813467,-0.0032144254,-0.001188793,0.17163362,0.17933789,0.17837925,0.0040113376,0.17249812,0.004952526,0.18002775,0.17445976,-0.000117291114,0.17756405,-0.004255031,0.18283193,0.17420782,-0.0036128268,0.18119307,0.18217783,0.1761508,0.0001022662,-0.0033886582,-0.0036054968,0.00056941697,0.0025192783,-0.004872586,0.18027695,0.17654282,-0.0031706835,0.0034290927,-0.0058636535,-7.6793076e-05,0.18009727,-0.002732387,0.17454542,-0.0045344895,-0.003117085,0.006491161,0.003678029,0.1800016,-0.00020752999,0.17983016,-0.00617374,0.17294191,0.004980468,-0.0020179623,0.171449,-0.00037426228,0.005216713,-0.004402845,0.17921565,0.003357001,0.17063372
192.168.1.2,0.0031045473,0.21179244,0.21542425,0.21207581,-0.001434916,-0.002156511,0.21185665,1.0487973e-05,0.21547334,0.20739493,0.0040011103,0.001121247,0.21357678,0.00033020385,0.21291848,0.21401529,-0.0016072965,0.21072301,0.21230042,0.002070721,0.0054031787,0.0018018177,0.21175402,0.211197,0.0017476504,-0.0025916698,-0.0048194155,0.21568966,-0.0025303503,0.21525969,0.21653482,0.20763579,0.2143802,-0.004665693,-0.003849683,0.0034337132,-0.0016133863,0.21720302,0.0025570197,-0.0027073184,0.0036223943,0.20811842,-0.0039760713,-0.0011425937,-0.0006466764,0.21118835,-0.0055574235,0.0013636032,0.0018818174,-0.00022762333,0.20632568,0.21121702,0.20742595,0.0018192036,-0.0036956978,0.21130899,0.0062554544,-0.0041223955,-0.0013112333,0.21745695,-0.0054188054,-0.0049782763,0.21410058,-0.003320674,0.0033957658,0.0011737879,0.20972903,-0.0013802046,-0.0007549238,0.21282816,-0.0023502754,-0.006027778,-0.002064526,0.21791413,0.2176765,0.21474372,-0.0032144254,-0.001188793,0.20560019,0.21395355,0.21553384,0.0040113376,0.20672044,0.004952526,0.2109754,0.20860851,-0.000117291114,0.21174276,-0.004255031,0.2173264,0.20822415,-0.0036128268,0.21561284,0.21601672,0.21078531,0.0001022662,-0.0033886582,-0.0036054968,0.00056941697,0.0025192783,-0.004872586,0.2145327,0.2108787,-0.0031706835,0.0034290927,-0.0058636535,-7.6793076e-05,0.214101,-0.002732387,0.20495816,-0.0045344895,-0.003117085,0.006491161,0.003678029,0.21417198,-0.00020752999,0.21385205,-0.00617374,0.2073504,0.004980468,-0.0020179623,0.20592797,-0.00037426228,0.005216713,-0.004402845,0.21310228,0.003357001,0.21084763
192.168.1.13,0.0031045473,-0.44454795,-0.4413833,-0.44448087,-0.001434916,-0.002156511,-0.44421268,1.0487973e-05,-0.44067612,-0.44004127,0.0040011103,0.001121247,-0.45014814,0.00033020385,-0.44353554,-0.44228765,-0.0016072965,-0.44511175,-0.44317055,0.002070721,0.0054031787,0.0018018177,-0.44441772,-0.44493744,0.0017476504,-0.0025916698,-0.0048194155,-0.44030005,-0.0025303503,-0.4416043,-0.43886375,-0.44851354,-0.44080433,-0.004665693,-0.003849683,0.0034337132,-0.0016133863,-0.43922806,0.0025570197,-0.0027073184,0.0036223943,-0.44877124,-0.0039760713,-0.0011425937,-0.0006466764,-0.44502985,-0.0055574235,0.0013636032,0.0018818174,-0.00022762333,-0.4534289,-0.44419473,-0.4491549,0.0018192036,-0.0036956978,-0.44476724,0.0062554544,-0.0041223955,-0.0013112333,-0.43871254,-0.0054188054,-0.0049782763,-0.44184327,-0.003320674,0.0033957658,0.0011737879,-0.4464345,-0.0013802046,-0.0007549238,-0.44341674,-0.0023502754,-0.006027778,-0.002064526,-0.44081265,-0.43911648,-0.4402614,-0.0032144254,-0.001188793,-0.4501946,-0.44271982,-0.4445105,0.0040113376,-0.4494365,0.004952526,-0.44056258,-0.44741434,-0.000117291114,-0.44435436,-0.004255031,-0.4392032,-0.44768065,-0.0036128268,-0.4407911,-0.43969166,-0.44581336,0.0001022662,-0.0033886582,-0.0036054968,0.00056941697,0.0025192783,-0.004872586,-0.44173318,-0.44548783,-0.0031706835,0.0034290927,-0.0058636535,-7.6793076e-05,-0.4418163,-0.002732387,-0.44595543,-0.0045344895,-0.003117085,0.006491161,0.003678029,-0.4419573,-0.00020752999,-0.44208226,-0.00617374,-0.44912812,0.004980468,-0.0020179623,-0.4505308,-0.00037426228,0.005216713,-0.004402845,-0.4428408,0.003357001,-0.45348248
192.168.1.40,0.0031045473,0.023169244,0.027852628,0.023718689,-0.001434916,-0.002156511,0.023142379,1.0487973e-05,0.026819602,0.013469523,0.0040011103,0.001121247,0.041217484,0.00033020385,0.024733337,0.025400875,-0.0016072965,0.022024045,0.022900118,0.002070721,0.0054031787,0.0018018177,0.02320925,0.021445736,0.0017476504,-0.0025916698,-0.0048194155,0.02691143,-0.0025303503,0.027119307,0.027948756,0.01932681,0.02505765,-0.004665693,-0.003849683,0.0034337132,-0.0016133863,0.028783305,0.0025570197,-0.0027073184,0.0036223943,0.019892387,-0.0039760713,-0.0011425937,-0.0006466764,0.022701733,-0.0055574235,0.0013636032,0.0018818174,-0.00022762333,0.020759577,0.021985618,0.019413242,0.0018192036,-0.0036956978,0.022943422,0.0062554544,-0.0041223955,-0.0013112333,0.028574357,-0.0054188054,-0.0049782763,0.025278183,-0.003320674,0.0033957658,0.0011737879,0.0213104,-0.0013802046,-0.0007549238,0.024221651,-0.0023502754,-0.006027778,-0.002064526,0.02916536,0.029608745,0.025364187,-0.0032144254,-0.001188793,0.016561255,0.025750428,0.030811394,0.0040113376,0.01791118,0.004952526,0.020239482,0.019840157,-0.000117291114,0.022885289,-0.004255031,0.028677495,0.019615863,-0.0036128268,0.027063074,0.026881764,0.023484942,0.0001022662,-0.0033886582,-0.0036054968,0.00056941697,0.0025192783,-0.004872586,0.025941359,0.022273459,-0.0031706835,0.0034290927,-0.0058636535,-7.6793076e-05,0.025384184,-0.002732387,0.012450763,-0.0045344895,-0.003117085,0.006491161,0.003678029,0.025483921,-0.00020752999,0.025209932,-0.00617374,0.018793963,0.004980468,-0.0020179623,0.017702365,-0.00037426228,0.005216713,-0.004402845,0.023980219,0.003357001,0.02834694
192.168.1.20,0.0031045473,-0.51805544,-0.5148445,-0.5180085,-0.001434916,-0.002156511,-0.5178584,1.0487973e-05,-0.514406,-0.5180424,0.0040011103,0.001121247,-0.522989,0.00033020385,-0.5170546,-0.51580757,-0.0016072965,-0.51891845,-0.5170192,0.002070721,0.0054031787,0.0018018177,-0.5180187,-0.51826805,0.0017476504,-0.0025916698,-0.0048194155,-0.51396376,-0.0025303503,-0.5148766,-0.5129855,-0.5222377,-0.514851,-0.004665693,-0.003849683,0.0034337132,-0.0016133863,-0.51273733,0.0025570197,-0.0027073184,0.0036223943,-0.5220249,-0.0039760713,-0.0011425937,-0.0006466764,-0.51861775,-0.0055574235,0.0013636032,0.0018818174,-0.00022762333,-0.52550143,-0.5181073,-0.52264494,0.0018192036,-0.0036956978,-0.51849216,0.0062554544,-0.0041223955,-0.0013112333,-0.5123803,-0.0054188054,-0.0049782763,-0.51554036,-0.003320674,0.0033957658,0.0011737879,-0.5200835,-0.0013802046,-0.0007549238,-0.51696056,-0.0023502754,-0.006027778,-0.002064526,-0.5127359,-0.5124543,-0.5144241,-0.0032144254,-0.001188793,-0.5239243,-0.5161057,-0.5166079,0.0040113376,-0.52299935,0.004952526,-0.5166226,-0.5210546,-0.000117291114,-0.517945,-0.004255031,-0.51255566,-0.5215243,-0.0036128268,-0.51424897,-0.513537,-0.5194717,0.0001022662,-0.0033886582,-0.0036054968,0.00056941697,0.0025192783,-0.004872586,-0.5153589,-0.5190274,-0.0031706835,0.0034290927,-0.0058636535,-7.6793076e-05,-0.51564395,-0.002732387,-0.52193487,-0.0045344895,-0.003117085,0.006491161,0.003678029,-0.51562744,-0.00020752999,-0.5159164,-0.00617374,-0.52261895,0.004980468,-0.0020179623,-0.5240357,-0.00037426228,0.005216713,-0.004402845,-0.5166923,0.003357001,-0.52339846
192.168.1.1,0.0031045473,-0.4293196,-0.42563343,-0.42912793,-0.001434916,-0.002156511,-0.4292072,1.0487973e-05,-0.42570925,-0.43290675,0.0040011103,0.001121247,-0.4268614,0.00033020385,-0.42813778,-0.42707592,-0.0016072965,-0.43030486,-0.42873308,0.002070721,0.0054031787,0.0018018177,-0.42928717,-0.4299887,0.0017476504,-0.0025916698,-0.0048194155,-0.42535225,-0.0025303503,-0.4258665,-0.42440906,-0.4334209,-0.42658964,-0.004665693,-0.003849683,0.0034337132,-0.0016133863,-0.42390898,0.0025570197,-0.0027073184,0.0036223943,-0.43304008,-0.0039760713,-0.0011425937,-0.0006466764,-0.42985687,-0.0055574235,0.0013636032,0.0018818174,-0.00022762333,-0.43500414,-0.42977107,-0.43364054,0.0018192036,-0.0036956978,-0.42971224,0.0062554544,-0.0041223955,-0.0013112333,-0.4237641,-0.0054188054,-0.0049782763,-0.4269531,-0.003320674,0.0033957658,0.0011737879,-0.43130636,-0.0013802046,-0.0007549238,-0.42823806,-0.0023502754,-0.006027778,-0.002064526,-0.42360517,-0.42343083,-0.42621672,-0.0032144254,-0.001188793,-0.4354447,-0.42715397,-0.4257419,0.0040113376,-0.43436816,0.004952526,-0.42956,-0.43243417,-0.000117291114,-0.42934114,-0.004255031,-0.4237955,-0.43286046,-0.0036128268,-0.42547566,-0.4251027,-0.43019912,0.0001022662,-0.0033886582,-0.0036054968,0.00056941697,0.0025192783,-0.004872586,-0.42662105,-0.43027678,-0.0031706835,0.0034290927,-0.0058636535,-7.6793076e-05,-0.42701674,-0.002732387,-0.43564278,-0.0045344895,-0.003117085,0.006491161,0.003678029,-0.42695165,-0.00020752999,-0.42725822,-0.00617374,-0.4338282,0.004980468,-0.0020179623,-0.435133,-0.00037426228,0.005216713,-0.004402845,-0.42820016,0.003357001,-0.43091407
192.168.1.37,0.0031045473,-0.8882908,-0.88454545,-0.8881868,-0.001434916,-0.002156511,-0.8883354,1.0487973e-05,-0.8850218,-0.89738107,0.0040011103,0.001121247,-0.8850365,0.00033020385,-0.88710797,-0.8860526,-0.0016072965,-0.8896348,-0.8880984,0.002070721,0.0054031787,0.0018018177,-0.88834715,-0.8887268,0.0017476504,-0.0025916698,-0.0048194155,-0.8844915,-0.0025303503,-0.88453925,-0.8841236,-0.89266616,-0.8861937,-0.004665693,-0.003849683,0.0034337132,-0.0016133863,-0.88288885,0.0025570197,-0.0027073184,0.0036223943,-0.89170367,-0.0039760713,-0.0011425937,-0.0006466764,-0.88890505,-0.0055574235,0.0013636032,0.0018818174,-0.00022762333,-0.8922424,-0.8892039,-0.89258134,0.0018192036,-0.0036956978,-0.88893646,0.0062554544,-0.0041223955,-0.0013112333,-0.88300574,-0.0054188054,-0.0049782763,-0.886144,-0.003320674,0.0033957658,0.0011737879,-0.8904329,-0.0013802046,-0.0007549238,-0.88723236,-0.0023502754,-0.006027778,-0.002064526,-0.8806444,-0.8821852,-0.8859702,-0.0032144254,-0.001188793,-0.89466596,-0.88596976,-0.88301355,0.0040113376,-0.89339346,0.004952526,-0.8916191,-0.8915415,-0.000117291114,-0.8883999,-0.004255031,-0.88255984,-0.89227414,-0.0036128268,-0.8843655,-0.884524,-0.8893454,0.0001022662,-0.0033886582,-0.0036054968,0.00056941697,0.0025192783,-0.004872586,-0.88577783,-0.8893168,-0.0031706835,0.0034290927,-0.0058636535,-7.6793076e-05,-0.8864265,-0.002732387,-0.89757264,-0.0045344895,-0.003117085,0.006491161,0.003678029,-0.88614863,-0.00020752999,-0.8866739,-0.00617374,-0.8928152,0.004980468,-0.0020179623,-0.89408296,-0.00037426228,0.005216713,-0.004402845,-0.88773316,0.003357001,-0.88554937
192.168.1.9,0.0031045473,0.5560958,0.559421,0.5563523,-0.001434916,-0.002156511,0.55617106,1.0487973e-05,0.55983174,0.553027,0.0040011103,0.001121247,0.55322504,0.00033020385,0.5570821,0.55830705,-0.0016072965,0.55502826,0.5567957,0.002070721,0.0054031787,0.0018018177,0.5560107,0.55581623,0.0017476504,-0.0025916698,-0.0048194155,0.560016,-0.0025303503,0.5594259,0.56079113,0.5518483,0.5588402,-0.004665693,-0.003849683,0.0034337132,-0.0016133863,0.5614518,0.0025570197,-0.0027073184,0.0036223943,0.5523197,-0.0039760713,-0.0011425937,-0.0006466764,0.5554319,-0.0055574235,0.0013636032,0.0018818174,-0.00022762333,0.549825,0.55565286,0.5515455,0.0018192036,-0.0036956978,0.5555193,0.0062554544,-0.0041223955,-0.0013112333,0.56188744,-0.0054188054,-0.0049782763,0.55844414,-0.003320674,0.0033957658,0.0011737879,0.5539535,-0.0013802046,-0.0007549238,0.5571088,-0.0023502754,-0.006027778,-0.002064526,0.5623143,0.56181955,0.5592253,-0.0032144254,-0.001188793,0.5499964,0.5581355,0.5587838,0.0040113376,0.5510659,0.004952526,0.5557511,0.55292827,-0.000117291114,0.556099,-0.004255031,0.56162983,0.5525358,-0.0036128268,0.55988103,0.56048214,0.55469626,0.0001022662,-0.0033886582,-0.0036054968,0.00056941697,0.0025192783,-0.004872586,0.55885565,0.55519795,-0.0031706835,0.0034290927,-0.0058636535,-7.6793076e-05,0.55845886,-0.002732387,0.5502285,-0.0045344895,-0.003117085,0.006491161,0.003678029,0.55850846,-0.00020752999,0.5581833,-0.00617374,0.5516649,0.004980468,-0.0020179623,0.5501031,-0.00037426228,0.005216713,-0.004402845,0.55764717,0.003357001,0.5535807
192.168.1.17,0.0031045473,-0.54823196,-0.5444783,-0.54804015,-0.001434916,-0.002156511,-0.54810864,1.0487973e-05,-0.54462314,-0.5517245,0.0040011103,0.001121247,-0.54475886,0.00033020385,-0.54701513,-0.5459839,-0.0016072965,-0.54919064,-0.5476572,0.002070721,0.0054031787,0.0018018177,-0.54817754,-0.54899234,0.0017476504,-0.0025916698,-0.0048194155,-0.54425293,-0.0025303503,-0.5447671,-0.54325575,-0.5522932,-0.54548705,-0.004665693,-0.003849683,0.0034337132,-0.0016133863,-0.5428101,0.0025570197,-0.0027073184,0.0036223943,-0.5519531,-0.0039760713,-0.0011425937,-0.0006466764,-0.54874486,-0.0055574235,0.0013636032,0.0018818174,-0.00022762333,-0.5538605,-0.5486741,-0.55251056,0.0018192036,-0.0036956978,-0.548581,0.0062554544,-0.0041223955,-0.0013112333,-0.5427012,-0.0054188054,-0.0049782763,-0.54585665,-0.003320674,0.0033957658,0.0011737879,-0.5501856,-0.0013802046,-0.0007549238,-0.5471398,-0.0023502754,-0.006027778,-0.002064526,-0.5426891,-0.5423202,-0.54510856,-0.0032144254,-0.001188793,-0.55435663,-0.54604834,-0.54454255,0.0040113376,-0.5532837,0.004952526,-0.54834497,-0.55133516,-0.000117291114,-0.5482582,-0.004255031,-0.5427215,-0.5517475,-0.0036128268,-0.54438275,-0.5440281,-0.5490041,0.0001022662,-0.0033886582,-0.0036054968,0.00056941697,0.0025192783,-0.004872586,-0.54553246,-0.54919416,-0.0031706835,0.0034290927,-0.0058636535,-7.6793076e-05,-0.54591936,-0.002732387,-0.55454725,-0.0045344895,-0.003117085,0.006491161,0.003678029,-0.54586077,-0.00020752999,-0.54615283,-0.00617374,-0.55275047,0.004980468,-0.0020179623,-0.55401325,-0.00037426228,0.005216713,-0.004402845,-0.5471553,0.003357001,-0.5497954
192.168.1.11,0.0031045473,-0.24395157,-0.24047802,-0.2437859,-0.001434916,-0.002156511,-0.24381247,1.0487973e-05,-0.24028698,-0.24608219,0.0040011103,0.001121247,-0.24475746,0.00033020385,-0.24286042,-0.2417128,-0.0016072965,-0.24489738,-0.24318875,0.002070721,0.0054031787,0.0018018177,-0.24393527,-0.24442364,0.0017476504,-0.0025916698,-0.0048194155,-0.23994744,-0.0025303503,-0.24061951,-0.238996,-0.24809144,-0.24104373,-0.004665693,-0.003849683,0.0034337132,-0.0016133863,-0.23857813,0.0025570197,-0.0027073184,0.0036223943,-0.24777324,-0.0039760713,-0.0011425937,-0.0006466764,-0.24451607,-0.0055574235,0.0013636032,0.0018818174,-0.00022762333,-0.2503678,-0.24425776,-0.2483983,0.0018192036,-0.0036956978,-0.24437885,0.0062554544,-0.0041223955,-0.0013112333,-0.23830053,-0.0054188054,-0.0049782763,-0.24153222,-0.003320674,0.0033957658,0.0011737879,-0.24597189,-0.0013802046,-0.0007549238,-0.24287786,-0.0023502754,-0.006027778,-0.002064526,-0.2383635,-0.23819074,-0.24064435,-0.0032144254,-0.001188793,-0.24998184,-0.24188273,-0.24127038,0.0040113376,-0.24896258,0.004952526,-0.24354954,-0.24703476,-0.000117291114,-0.24392468,-0.004255031,-0.23844418,-0.24745007,-0.0036128268,-0.24013448,-0.23958851,-0.24508393,0.0001022662,-0.0033886582,-0.0036054968,0.00056941697,0.0025192783,-0.004872586,-0.24123213,-0.24489856,-0.0031706835,0.0034290927,-0.0058636535,-7.6793076e-05,-0.24158692,-0.002732387,-0.24930125,-0.0045344895,-0.003117085,0.006491161,0.003678029,-0.24154525,-0.00020752999,-0.24183804,-0.00617374,-0.2484613,0.004980468,-0.0020179623,-0.24984951,-0.00037426228,0.005216713,-0.004402845,-0.24264705,0.003357001,-0.24707212
192.168.1.15,0.0031045473,-1.1968815,-1.1935943,-1.1969254,-0.001434916,-0.002156511,-1.196632,1.0487973e-05,-1.1933017,-1.1960174,0.0040011103,0.001121247,-1.2008244,0.00033020385,-1.1958137,-1.1946104,-0.0016072965,-1.197651,-1.1957687,0.002070721,0.0054031787,0.0018018177,-1.1967657,-1.1971976,0.0017476504,-0.0025916698,-0.0048194155,-1.1927166,-0.0025303503,-1.1937126,-1.1916192,-1.2009959,-1.19353,-0.004665693,-0.003849683,0.0034337132,-0.0016133863,-1.1915587,0.0025570197,-0.0027073184,0.0036223943,-1.2008971,-0.0039760713,-0.0011425937,-0.0006466764,-1.1973692,-0.0055574235,0.0013636032,0.0018818174,-0.00022762333,-1.2045293,-1.196806,-1.201411,0.0018192036,-0.0036956978,-1.197213,0.0062554544,-0.0041223955,-0.0013112333,-1.1913214,-0.0054188054,-0.0049782763,-1.1943053,-0.003320674,0.0033957658,0.0011737879,-1.1988217,-0.0013802046,-0.0007549238,-1.1957368,-0.0023502754,-0.006027778,-0.002064526,-1.1920207,-1.1912677,-1.1930922,-0.0032144254,-0.001188793,-1.2026814,-1.1949211,-1.1955619,0.0040113376,-1.2018017,0.004952526,-1.1948303,-1.199807,-0.000117291114,-1.1967425,-0.004255031,-1.1913954,-1.2003137,-0.0036128268,-1.1930473,-1.1923748,-1.1981313,0.0001022662,-0.0033886582,-0.0036054968,0.00056941697,0.0025192783,-0.004872586,-1.1942261,-1.1978978,-0.0031706835,0.0034290927,-0.0058636535,-7.6793076e-05,-1.1944747,-0.002732387,-1.2002487,-0.0045344895,-0.003117085,0.006491161,0.003678029,-1.194463,-0.00020752999,-1.194735,-0.00617374,-1.2015135,0.004980468,-0.0020179623,-1.2027996,-0.00037426228,0.005216713,-0.004402845,-1.1957227,0.003357001,-1.2028648
192.168.1.24,0.0031045473,-0.7811594,-0.7776918,-0.7810859,-0.001434916,-0.002156511,-0.7809816,1.0487973e-05,-0.777564,-0.78254676,0.0040011103,0.001121247,-0.7821874,0.00033020385,-0.78004444,-0.7789038,-0.0016072965,-0.78204465,-0.78030664,0.002070721,0.0054031787,0.0018018177,-0.7810914,-0.78162867,0.0017476504,-0.0025916698,-0.0048194155,-0.7770973,-0.0025303503,-0.7778516,-0.776091,-0.7852781,-0.77812284,-0.004665693,-0.003849683,0.0034337132,-0.0016133863,-0.775796,0.0025570197,-0.0027073184,0.0036223943,-0.7850278,-0.0039760713,-0.0011425937,-0.0006466764,-0.78167903,-0.0055574235,0.0013636032,0.0018818174,-0.00022762333,-0.78784084,-0.7813497,-0.78559643,0.0018192036,-0.0036956978,-0.781533,0.0062554544,-0.0041223955,-0.0013112333,-0.77559483,-0.0054188054,-0.0049782763,-0.7786908,-0.003320674,0.0033957658,0.0011737879,-0.783132,-0.0013802046,-0.0007549238,-0.7800494,-0.0023502754,-0.006027778,-0.002064526,-0.7758281,-0.77541447,-0.77771866,-0.0032144254,-0.001188793,-0.787122,-0.7791014,-0.7787459,0.0040113376,-0.7861426,0.004952526,-0.78028685,-0.7841826,-0.000117291114,-0.78110033,-0.004255031,-0.7756517,-0.7846524,-0.0036128268,-0.77732164,-0.7767947,-0.78225577,0.0001022662,-0.0033886582,-0.0036054968,0.00056941697,0.0025192783,-0.004872586,-0.778483,-0.782145,-0.0031706835,0.0034290927,-0.0058636535,-7.6793076e-05,-0.7788091,-0.002732387,-0.7860076,-0.0045344895,-0.003117085,0.006491161,0.003678029,-0.7787673,-0.00020752999,-0.7790601,-0.00617374,-0.7857274,0.004980468,-0.0020179623,-0.7870339,-0.00037426228,0.005216713,-0.004402845,-0.7800089,0.003357001,-0.7849583
192.168.1.38,0.0031045473,1.7680233,1.7713863,1.7685068,-0.001434916,-0.002156511,1.7681075,1.0487973e-05,1.7720642,1.7662997,0.0040011103,0.001121247,1.7659596,0.00033020385,1.7689888,1.770205,-0.0016072965,1.7670349,1.7687306,0.002070721,0.0054031787,0.0018018177,1.7678956,1.7675514,0.0017476504,-0.0025916698,-0.0048194155,1.7719157,-0.0025303503,1.7712625,1.7729197,1.7639066,1.7708378,-0.004665693,-0.003849683,0.0034337132,-0.0016133863,1.7734119,0.0025570197,-0.0027073184,0.0036223943,1.7641858,-0.0039760713,-0.0011425937,-0.0006466764,1.7673181,-0.0055574235,0.0013636032,0.0018818174,-0.00022762333,1.7614604,1.7675853,1.7634721,0.0018192036,-0.0036956978,1.7674998,0.0062554544,-0.0041223955,-0.0013112333,1.7741051,-0.0054188054,-0.0049782763,1.7703885,-0.003320674,0.0033957658,0.0011737879,1.7658895,-0.0013802046,-0.0007549238,1.768983,-0.0023502754,-0.006027778,-0.002064526,1.7736416,1.7736851,1.7712923,-0.0032144254,-0.001188793,1.7619135,1.7700208,1.7704775,0.0040113376,1.7629611,0.004952526,1.7683839,1.764812,-0.000117291114,1.7679963,-0.004255031,1.7734423,1.7646911,-0.0036128268,1.7717278,1.7726198,1.7667277,0.0001022662,-0.0033886582,-0.0036054968,0.00056941697,0.0025192783,-0.004872586,1.7709602,1.767233,-0.0031706835,0.0034290927,-0.0058636535,-7.6793076e-05,1.7706497,-0.002732387,1.762635,-0.0045344895,-0.003117085,0.006491161,0.003678029,1.7705787,-0.00020752999,1.7703749,-0.00617374,1.7637098,0.004980468,-0.0020179623,1.761998,-0.00037426228,0.005216713,-0.004402845,1.7701297,0.003357001,1.7647269
192.168.1.35,0.0031045473,-0.062431946,-0.05916995,-0.06229277,-0.001434916,-0.002156511,-0.062265996,1.0487973e-05,-0.058714155,-0.06308742,0.0040011103,0.001121247,-0.066447414,0.00033020385,-0.061430633,-0.060197473,-0.0016072965,-0.06333607,-0.06149368,0.002070721,0.0054031787,0.0018018177,-0.062431373,-0.062708594,0.0017476504,-0.0025916698,-0.0048194155,-0.058391716,-0.0025303503,-0.05922045,-0.057423927,-0.06660539,-0.05934608,-0.004665693,-0.003849683,0.0034337132,-0.0016133863,-0.057096276,0.0025570197,-0.0027073184,0.0036223943,-0.06635505,-0.0039760713,-0.0011425937,-0.0006466764,-0.0630235,-0.0055574235,0.0013636032,0.0018818174,-0.00022762333,-0.06957395,-0.06259346,-0.06700168,0.0018192036,-0.0036956978,-0.06289297,0.0062554544,-0.0041223955,-0.0013112333,-0.056687754,-0.0054188054,-0.0049782763,-0.059960887,-0.003320674,0.0033957658,0.0011737879,-0.06448467,-0.0013802046,-0.0007549238,-0.06136625,-0.0023502754,-0.006027778,-0.002064526,-0.05697273,-0.05679941,-0.05891946,-0.0032144254,-0.001188793,-0.06836788,-0.060459062,-0.06062905,0.0040113376,-0.06740591,0.004952526,-0.061378986,-0.065482974,-0.000117291114,-0.062356222,-0.004255031,-0.056941736,-0.06588923,-0.0036128268,-0.05864112,-0.057923887,-0.06380926,0.0001022662,-0.0033886582,-0.0036054968,0.00056941697,0.0025192783,-0.004872586,-0.059691824,-0.06336787,-0.0031706835,0.0034290927,-0.0058636535,-7.6793076e-05,-0.059994437,-0.002732387,-0.06680701,-0.0045344895,-0.003117085,0.006491161,0.003678029,-0.059987176,-0.00020752999,-0.06026701,-0.00617374,-0.06694268,0.004980468,-0.0020179623,-0.06841344,-0.00037426228,0.005216713,-0.004402845,-0.06094559,0.003357001,-0.06707258
192.168.1.30,0.0031045473,-0.28500706,-0.28140554,-0.28481668,-0.001434916,-0.002156511,-0.28490934,1.0487973e-05,-0.28139618,-0.28871587,0.0040011103,0.001121247,-0.28379968,0.00033020385,-0.28386986,-0.28277004,-0.0016072965,-0.2860274,-0.28440693,0.002070721,0.0054031787,0.0018018177,-0.28500265,-0.28556767,0.0017476504,-0.0025916698,-0.0048194155,-0.28105524,-0.0025303503,-0.28156897,-0.2801792,-0.28915775,-0.2822968,-0.004665693,-0.003849683,0.0034337132,-0.0016133863,-0.27961203,0.0025570197,-0.0027073184,0.0036223943,-0.28872916,-0.0039760713,-0.0011425937,-0.0006466764,-0.28557447,-0.0055574235,0.0013636032,0.0018818174,-0.00022762333,-0.29076138,-0.28547105,-0.28937986,0.0018192036,-0.0036956978,-0.28545317,0.0062554544,-0.0041223955,-0.0013112333,-0.2794219,-0.0054188054,-0.0049782763,-0.28265294,-0.003320674,0.0033957658,0.0011737879,-0.28703526,-0.0013802046,-0.0007549238,-0.28393966,-0.0023502754,-0.006027778,-0.002064526,-0.27908993,-0.27914727,-0.28193048,-0.0032144254,-0.001188793,-0.29113278,-0.28286424,-0.28157634,0.0040113376,-0.29005218,0.004952526,-0.28540245,-0.288136,-0.000117291114,-0.28502262,-0.004255031,-0.27946913,-0.28857872,-0.0036128268,-0.28117073,-0.28077814,-0.28602356,0.0001022662,-0.0033886582,-0.0036054968,0.00056941697,0.0025192783,-0.004872586,-0.2823109,-0.28595993,-0.0031706835,0.0034290927,-0.0058636535,-7.6793076e-05,-0.28271973,-0.002732387,-0.29133832,-0.0045344895,-0.003117085,0.006491161,0.003678029,-0.28264445,-0.00020752999,-0.28296867,-0.00617374,-0.2895066,0.004980468,-0.0020179623,-0.29085937,-0.00037426228,0.005216713,-0.004402845,-0.28383648,0.003357001,-0.2866449
192.168.1.31,0.0031045473,-0.99678606,-0.9933005,-0.9967361,-0.001434916,-0.002156511,-0.9965436,1.0487973e-05,-0.9931404,-0.9963829,0.0040011103,0.001121247,-0.99759674,0.00033020385,-0.9956407,-0.9945177,-0.0016072965,-0.9975368,-0.9957954,0.002070721,0.0054031787,0.0018018177,-0.996658,-0.99735814,0.0017476504,-0.0025916698,-0.0048194155,-0.9926457,-0.0025303503,-0.9935591,-0.9914421,-1.0008054,-0.9935189,-0.004665693,-0.003849683,0.0034337132,-0.0016133863,-0.9914192,0.0025570197,-0.0027073184,0.0036223943,-1.0007544,-0.0039760713,-0.0011425937,-0.0006466764,-0.9972505,-0.0055574235,0.0013636032,0.0018818174,-0.00022762333,-1.0040054,-0.996798,-1.001203,0.0018192036,-0.0036956978,-0.9970472,0.0062554544,-0.0041223955,-0.0013112333,-0.9912095,-0.0054188054,-0.0049782763,-0.99423254,-0.003320674,0.0033957658,0.0011737879,-0.99867845,-0.0013802046,-0.0007549238,-0.99564624,-0.0023502754,-0.006027778,-0.002064526,-0.99215394,-0.99109054,-0.9930726,-0.0032144254,-0.001188793,-1.0026522,-0.9947628,-0.99486935,0.0040113376,-1.0017437,0.004952526,-0.99484223,-0.99973905,-0.000117291114,-0.9966899,-0.004255031,-0.99133575,-1.0001525,-0.0036128268,-0.9929555,-0.9923141,-0.9977619,0.0001022662,-0.0033886582,-0.0036054968,0.00056941697,0.0025192783,-0.004872586,-0.9940838,-0.9977762,-0.0031706835,0.0034290927,-0.0058636535,-7.6793076e-05,-0.9943278,-0.002732387,-1.0006387,-0.0045344895,-0.003117085,0.006491161,0.003678029,-0.9943425,-0.00020752999,-0.99457383,-0.00617374,-1.001384,0.004980468,-0.0020179623,-1.0026368,-0.00037426228,0.005216713,-0.004402845,-0.99559414,0.003357001,-1.0019945
192.168.1.49,0.0031045473,0.249264,0.2526591,0.2494973,-0.001434916,-0.002156511,0.24941356,1.0487973e-05,0.2530499,0.24804914,0.0040011103,0.001121247,0.24735776,0.00033020385,0.25030953,0.25149116,-0.0016072965,0.24835347,0.25009227,0.002070721,0.0054031787,0.0018018177,0.24925646,0.24881606,0.0017476504,-0.0025916698,-0.0048194155,0.25327107,-0.0025303503,0.2525235,0.25429294,0.24514727,0.25225198,-0.004665693,-0.003849683,0.0034337132,-0.0016133863,0.25463352,0.0025570197,-0.0027073184,0.0036223943,0.24538906,-0.0039760713,-0.0011425937,-0.0006466764,0.24866973,-0.0055574235,0.0013636032,0.0018818174,-0.00022762333,0.24249963,0.24900639,0.2447671,0.0018192036,-0.0036956978,0.24883428,0.0062554544,-0.0041223955,-0.0013112333,0.25504947,-0.0054188054,-0.0049782763,0.25170502,-0.003320674,0.0033957658,0.0011737879,0.24722844,-0.0013802046,-0.0007549238,0.25031558,-0.0023502754,-0.006027778,-0.002064526,0.25465506,0.25495684,0.25268263,-0.0032144254,-0.001188793,0.24326271,0.25128347,0.25155324,0.0040113376,0.2442557,0.004952526,0.25008956,0.24617529,-0.000117291114,0.24930228,-0.004255031,0.25473076,0.2458493,-0.0036128268,0.25304613,0.2537497,0.24805789,0.0001022662,-0.0033886582,-0.0036054968,0.00056941697,0.0025192783,-0.004872586,0.25205043,0.24835828,-0.0031706835,0.0034290927,-0.0058636535,-7.6793076e-05,0.25174105,-0.002732387,0.24439612,-0.0045344895,-0.003117085,0.006491161,0.003678029,0.2517307,-0.00020752999,0.25147948,-0.00617374,0.24479648,0.004980468,-0.0020179623,0.24331978,-0.00037426228,0.005216713,-0.004402845,0.25082636,0.003357001,0.24536937
192.168.1.14,0.0031045473,0.32223964,0.32580996,0.32252204,-0.001434916,-0.002156511,0.32229233,1.0487973e-05,0.32592043,0.31773537,0.0040011103,0.001121247,0.32305908,0.00033020385,0.32333243,0.32445726,-0.0016072965,0.3211427,0.3227582,0.002070721,0.0054031787,0.0018018177,0.32217938,0.32172716,0.0017476504,-0.0025916698,-0.0048194155,0.32612795,-0.0025303503,0.32569593,0.32691625,0.31804475,0.3248125,-0.004665693,-0.003849683,0.0034337132,-0.0016133863,0.32763755,0.0025570197,-0.0027073184,0.0036223943,0.31856474,-0.0039760713,-0.0011425937,-0.0006466764,0.32160872,-0.0055574235,0.0013636032,0.0018818174,-0.00022762333,0.31671962,0.3216535,0.31783137,0.0018192036,-0.0036956978,0.32171613,0.0062554544,-0.0041223955,-0.0013112333,0.32792562,-0.0054188054,-0.0049782763,0.32453805,-0.003320674,0.0033957658,0.0011737879,0.32014403,-0.0013802046,-0.0007549238,0.3232646,-0.0023502754,-0.006027778,-0.002064526,0.32851282,0.32810137,0.3251726,-0.0032144254,-0.001188793,0.31604582,0.32438448,0.32586807,0.0040113376,0.31716827,0.004952526,0.32130408,0.3190455,-0.000117291114,0.3221933,-0.004255031,0.32778436,0.3186492,-0.0036128268,0.32605204,0.3264741,0.32112962,0.0001022662,-0.0033886582,-0.0036054968,0.00056941697,0.0025192783,-0.004872586,0.3249781,0.3213291,-0.0031706835,0.0034290927,-0.0058636535,-7.6793076e-05,0.32454085,-0.002732387,0.31540003,-0.0045344895,-0.003117085,0.006491161,0.003678029,0.32461467,-0.00020752999,0.32428235,-0.00617374,0.3178044,0.004980468,-0.0020179623,0.31634486,-0.00037426228,0.005216713,-0.004402845,0.32358938,0.003357001,0.32125703
192.168.1.34,0.0031045473,-0.92265636,-0.91900134,-0.92255706,-0.001434916,-0.002156511,-0.9225096,1.0487973e-05,-0.9191147,-0.9255454,0.0040011103,0.001121247,-0.9208152,0.00033020385,-0.9214637,-0.920398,-0.0016072965,-0.9235922,-0.92197555,0.002070721,0.0054031787,0.0018018177,-0.9225804,-0.92329,0.0017476504,-0.0025916698,-0.0048194155,-0.9186355,-0.0025303503,-0.91923225,-0.9176614,-0.9267531,-0.91980374,-0.004665693,-0.003849683,0.0034337132,-0.0016133863,-0.9172606,0.0025570197,-0.0027073184,0.0036223943,-0.926424,-0.0039760713,-0.0011425937,-0.0006466764,-0.92315716,-0.0055574235,0.0013636032,0.0018818174,-0.00022762333,-0.9286301,-0.9229961,-0.9269838,0.0018192036,-0.0036956978,-0.92301184,0.0062554544,-0.0041223955,-0.0013112333,-0.9171777,-0.0054188054,-0.0049782763,-0.92024416,-0.003320674,0.0033957658,0.0011737879,-0.9246082,-0.0013802046,-0.0007549238,-0.92154276,-0.0023502754,-0.006027778,-0.002064526,-0.9171346,-0.91679186,-0.91942775,-0.0032144254,-0.001188793,-0.9287138,-0.9205086,-0.9193929,0.0040113376,-0.9276761,0.004952526,-0.92247564,-0.92571497,-0.000117291114,-0.9226433,-0.004255031,-0.91712767,-0.9262004,-0.0036128268,-0.9187939,-0.91843414,-0.92354226,0.0001022662,-0.0033886582,-0.0036054968,0.00056941697,0.0025192783,-0.004872586,-0.9200012,-0.92365104,-0.0031706835,0.0034290927,-0.0058636535,-7.6793076e-05,-0.92037654,-0.002732387,-0.9284791,-0.0045344895,-0.003117085,0.006491161,0.003678029,-0.92030424,-0.00020752999,-0.92061627,-0.00617374,-0.927221,0.004980468,-0.0020179623,-0.9284576,-0.00037426228,0.005216713,-0.004402845,-0.92167556,0.003357001,-0.92494804
192.168.1.12,0.0031045473,0.2554382,0.2585194,0.25557613,-0.001434916,-0.002156511,0.2555753,1.0487973e-05,0.25916034,0.2545203,0.0040011103,0.001121247,0.24869429,0.00033020385,0.25634295,0.2576598,-0.0016072965,0.25445953,0.25640833,0.002070721,0.0054031787,0.0018018177,0.25537896,0.25540084,0.0017476504,-0.0025916698,-0.0048194155,0.25944918,-0.0025303503,0.25861904,0.2602664,0.25115758,0.25848284,-0.004665693,-0.003849683,0.0034337132,-0.0016133863,0.2607424,0.0025570197,-0.0027073184,0.0036223943,0.2515157,-0.0039760713,-0.0011425937,-0.0006466764,0.25477841,-0.0055574235,0.0013636032,0.0018818174,-0.00022762333,0.24814746,0.25525194,0.25075525,0.0018192036,-0.0036956978,0.2548618,0.0062554544,-0.0041223955,-0.0013112333,0.26124945,-0.0054188054,-0.0049782763,0.25788447,-0.003320674,0.0033957658,0.0011737879,0.25329643,-0.0013802046,-0.0007549238,0.25647545,-0.0023502754,-0.006027778,-0.002064526,0.2613473,0.26100954,0.25889593,-0.0032144254,-0.001188793,0.24950181,0.25736353,0.25692204,0.0040113376,0.25047252,0.004952526,0.25614887,0.2523565,-0.000117291114,0.25552765,-0.004255031,0.26096287,0.25191322,-0.0036128268,0.25921422,0.2599786,0.25377202,0.0001022662,-0.0033886582,-0.0036054968,0.00056941697,0.0025192783,-0.004872586,0.2581752,0.25451463,-0.0031706835,0.0034290927,-0.0058636535,-7.6793076e-05,0.25784332,-0.002732387,0.25104374,-0.0045344895,-0.003117085,0.006491161,0.003678029,0.25787336,-0.00020752999,0.25755543,-0.00617374,0.2509521,0.004980468,-0.0020179623,0.24937128,-0.00037426228,0.005216713,-0.004402845,0.25704077,0.003357001,0.2507048
192.168.1.22,0.0031045473,-0.81490386,-0.8113109,-0.8148049,-0.001434916,-0.002156511,-0.814767,1.0487973e-05,-0.81136084,-0.81787986,0.0040011103,0.001121247,-0.8139671,0.00033020385,-0.8137436,-0.8126498,-0.0016072965,-0.81586456,-0.81421256,0.002070721,0.0054031787,0.0018018177,-0.8148481,-0.8154571,0.0017476504,-0.0025916698,-0.0048194155,-0.81089324,-0.0025303503,-0.8114903,-0.8099693,-0.8190371,-0.8120653,-0.004665693,-0.003849683,0.0034337132,-0.0016133863,-0.8095185,0.0025570197,-0.0027073184,0.0036223943,-0.8186715,-0.0039760713,-0.0011425937,-0.0006466764,-0.815426,-0.0055574235,0.0013636032,0.0018818174,-0.00022762333,-0.82092875,-0.8152519,-0.81926996,0.0018192036,-0.0036956978,-0.8152983,0.0062554544,-0.0041223955,-0.0013112333,-0.809403,-0.0054188054,-0.0049782763,-0.8124998,-0.003320674,0.0033957658,0.0011737879,-0.8168859,-0.0013802046,-0.0007549238,-0.81380004,-0.0023502754,-0.006027778,-0.002064526,-0.809232,-0.8090602,-0.81169295,-0.0032144254,-0.001188793,-0.82096183,-0.8127724,-0.811745,0.0040113376,-0.81991935,0.004952526,-0.8148392,-0.81797266,-0.000117291114,-0.8148892,-0.004255031,-0.8093637,-0.81847024,-0.0036128268,-0.81104654,-0.81067073,-0.8158881,0.0001022662,-0.0033886582,-0.0036054968,0.00056941697,0.0025192783,-0.004872586,-0.81225,-0.8158943,-0.0031706835,0.0034290927,-0.0058636535,-7.6793076e-05,-0.81263316,-0.002732387,-0.82073116,-0.0045344895,-0.003117085,0.006491161,0.003678029,-0.8125548,-0.00020752999,-0.81288004,-0.00617374,-0.81946,0.004980468,-0.0020179623,-0.82073444,-0.00037426228,0.005216713,-0.004402845,-0.8138841,0.003357001,-0.8172245
192.168.1.29,0.0031045473,0.5488543,0.5532343,0.5494203,-0.001434916,-0.002156511,0.5489215,1.0487973e-05,0.5527296,0.5432767,0.0040011103,0.001121247,0.56227666,0.00033020385,0.55029297,0.55107987,-0.0016072965,0.5479021,0.5489683,0.002070721,0.0054031787,0.0018018177,0.54890174,0.5472948,0.0017476504,-0.0025916698,-0.0048194155,0.55270356,-0.0025303503,0.5525227,0.5539895,0.54507256,0.5512222,-0.004665693,-0.003849683,0.0034337132,-0.0016133863,0.55442315,0.0025570197,-0.0027073184,0.0036223943,0.5453222,-0.0039760713,-0.0011425937,-0.0006466764,0.54837185,-0.0055574235,0.0013636032,0.0018818174,-0.00022762333,0.5447953,0.5480359,0.544919,0.0018192036,-0.0036956978,0.5486799,0.0062554544,-0.0041223955,-0.0013112333,0.5545135,-0.0054188054,-0.0049782763,0.5511154,-0.003320674,0.0033957658,0.0011737879,0.54700834,-0.0013802046,-0.0007549238,0.5498997,-0.0023502754,-0.006027778,-0.002064526,0.5539225,0.55503356,0.5516273,-0.0032144254,-0.001188793,0.5424655,0.5512444,0.5546439,0.0040113376,0.5436613,0.004952526,0.5479902,0.54561317,-0.000117291114,0.5486661,-0.004255031,0.5542528,0.54553974,-0.0036128268,0.5526757,0.55294883,0.5488931,0.0001022662,-0.0033886582,-0.0036054968,0.00056941697,0.0025192783,-0.004872586,0.55173796,0.5480086,-0.0031706835,0.0034290927,-0.0058636535,-7.6793076e-05,0.55134606,-0.002732387,0.54058135,-0.0045344895,-0.003117085,0.006491161,0.003678029,0.5513166,-0.00020752999,0.5511525,-0.00617374,0.544493,0.004980468,-0.0020179623,0.54326195,-0.00037426228,0.005216713,-0.004402845,0.5501686,0.003357001,0.550304
192.168.1.8,0.0031045473,0.17806593,0.18150795,0.17827868,-0.001434916,-0.002156511,0.17807654,1.0487973e-05,0.1816296,0.1723557,0.0040011103,0.001121247,0.17693889,0.00033020385,0.17909789,0.18028013,-0.0016072965,0.17685318,0.17855313,0.002070721,0.0054031787,0.0018018177,0.1779638,0.17779255,0.0017476504,-0.0025916698,-0.0048194155,0.18191591,-0.0025303503,0.18156016,0.18247624,0.1737332,0.18051305,-0.004665693,-0.003849683,0.0034337132,-0.0016133863,0.18343228,0.0025570197,-0.0027073184,0.0036223943,0.17444363,-0.0039760713,-0.0011425937,-0.0006466764,0.17739113,-0.0055574235,0.0013636032,0.0018818174,-0.00022762333,0.17273317,0.17740212,0.17358467,0.0018192036,-0.0036956978,0.17741689,0.0062554544,-0.0041223955,-0.0013112333,0.1836907,-0.0054188054,-0.0049782763,0.18031536,-0.003320674,0.0033957658,0.0011737879,0.1758883,-0.0013802046,-0.0007549238,0.17908077,-0.0023502754,-0.006027778,-0.002064526,0.18503322,0.18392657,0.18082747,-0.0032144254,-0.001188793,0.17184168,0.18020591,0.1817519,0.0040113376,0.17300358,0.004952526,0.17633422,0.17484385,-0.000117291114,0.17802101,-0.004255031,0.1836871,0.17431468,-0.0036128268,0.1818975,0.18221298,0.1767001,0.0001022662,-0.0033886582,-0.0036054968,0.00056941697,0.0025192783,-0.004872586,0.18073331,0.17712791,-0.0031706835,0.0034290927,-0.0058636535,-7.6793076e-05,0.18022273,-0.002732387,0.17072505,-0.0045344895,-0.003117085,0.006491161,0.003678029,0.18036924,-0.00020752999,0.17995302,-0.00617374,0.17361464,0.004980468,-0.0020179623,0.1721238,-0.00037426228,0.005216713,-0.004402845,0.17928421,0.003357001,0.17776677
192.168.1.41,0.0031045473,-0.6224656,-0.6193012,-0.6224431,-0.001434916,-0.002156511,-0.622214,1.0487973e-05,-0.6187647,-0.6207503,0.0040011103,0.001121247,-0.6281541,0.00033020385,-0.62146866,-0.62021,-0.0016072965,-0.623221,-0.62128043,0.002070721,0.0054031787,0.0018018177,-0.62239003,-0.6226986,0.0017476504,-0.0025916698,-0.0048194155,-0.61830753,-0.0025303503,-0.61937857,-0.6171817,-0.62658703,-0.61904544,-0.004665693,-0.003849683,0.0034337132,-0.0016133863,-0.6171557,0.0025570197,-0.0027073184,0.0036223943,-0.6265354,-0.0039760713,-0.0011425937,-0.0006466764,-0.6229966,-0.0055574235,0.0013636032,0.0018818174,-0.00022762333,-0.63050526,-0.6223486,-0.62707657,0.0018192036,-0.0036956978,-0.6228311,0.0062554544,-0.0041223955,-0.0013112333,-0.61675507,-0.0054188054,-0.0049782763,-0.61987495,-0.003320674,0.0033957658,0.0011737879,-0.62444514,-0.0013802046,-0.0007549238,-0.6213516,-0.0023502754,-0.006027778,-0.002064526,-0.6176904,-0.6169363,-0.61858094,-0.0032144254,-0.001188793,-0.6282381,-0.6205681,-0.6216287,0.0040113376,-0.6273809,0.004952526,-0.62008,-0.62540585,-0.000117291114,-0.6223144,-0.004255031,-0.61701244,-0.6258311,-0.0036128268,-0.61867154,-0.6178294,-0.6238634,0.0001022662,-0.0033886582,-0.0036054968,0.00056941697,0.0025192783,-0.004872586,-0.619745,-0.62343824,-0.0031706835,0.0034290927,-0.0058636535,-7.6793076e-05,-0.61996025,-0.002732387,-0.62535655,-0.0045344895,-0.003117085,0.006491161,0.003678029,-0.61999005,-0.00020752999,-0.62023073,-0.00617374,-0.62705064,0.004980468,-0.0020179623,-0.6284524,-0.00037426228,0.005216713,-0.004402845,-0.62102187,0.003357001,-0.62924564
192.168.1.21,0.0031045473,0.7886603,0.79196006,0.7889604,-0.001434916,-0.002156511,0.7888141,1.0487973e-05,0.7925679,0.78833914,0.0040011103,0.001121247,0.7853923,0.00033020385,0.7896461,0.79087424,-0.0016072965,0.787773,0.7895565,0.002070721,0.0054031787,0.0018018177,0.78861904,0.78826773,0.0017476504,-0.0025916698,-0.0048194155,0.79266465,-0.0025303503,0.79184204,0.793728,0.7845509,0.7917206,-0.004665693,-0.003849683,0.0034337132,-0.0016133863,0.79402095,0.0025570197,-0.0027073184,0.0036223943,0.7847307,-0.0039760713,-0.0011425937,-0.0006466764,0.78803337,-0.0055574235,0.0013636032,0.0018818174,-0.00022762333,0.7815186,0.78844696,0.78409386,0.0018192036,-0.0036956978,0.7882091,0.0062554544,-0.0041223955,-0.0013112333,0.7945879,-0.0054188054,-0.0049782763,0.7911188,-0.003320674,0.0033957658,0.0011737879,0.78659517,-0.0013802046,-0.0007549238,0.7896844,-0.0023502754,-0.006027778,-0.002064526,0.7939057,0.7942758,0.79218185,-0.0032144254,-0.001188793,0.7826859,0.79062295,0.7904943,0.0040113376,0.78365576,0.004952526,0.7898567,0.785561,-0.000117291114,0.78870684,-0.004255031,0.79409075,0.7853202,-0.0036128268,0.7924037,0.79327244,0.7873451,0.0001022662,-0.0033886582,-0.0036054968,0.00056941697,0.0025192783,-0.004872586,0.7915122,0.78779775,-0.0031706835,0.0034290927,-0.0058636535,-7.6793076e-05,0.7912424,-0.002732387,0.78427225,-0.0045344895,-0.003117085,0.006491161,0.003678029,0.79118526,-0.00020752999,0.79097,-0.00617374,0.78423625,0.004980468,-0.0020179623,0.7826573,-0.00037426228,0.005216713,-0.004402845,0.79049313,0.003357001,0.7839722
192.168.1.19,0.0031045473,-0.09641756,-0.09324067,-0.09630368,-0.001434916,-0.002156511,-0.09620486,1.0487973e-05,-0.09264804,-0.095424175,0.0040011103,0.001121247,-0.10174523,0.00033020385,-0.09544124,-0.094179004,-0.0016072965,-0.0972303,-0.09532393,0.002070721,0.0054031787,0.0018018177,-0.096391946,-0.09666236,0.0017476504,-0.0025916698,-0.0048194155,-0.09231663,-0.0025303503,-0.09330514,-0.09123759,-0.10055343,-0.0931252,-0.004665693,-0.003849683,0.0034337132,-0.0016133863,-0.09109688,0.0025570197,-0.0027073184,0.0036223943,-0.10044132,-0.0039760713,-0.0011425937,-0.0006466764,-0.096992955,-0.0055574235,0.0013636032,0.0018818174,-0.00022762333,-0.10418502,-0.096414834,-0.101033986,0.0018192036,-0.0036956978,-0.096832424,0.0062554544,-0.0041223955,-0.0013112333,-0.09062342,-0.0054188054,-0.0049782763,-0.0938765,-0.003320674,0.0033957658,0.0011737879,-0.09844178,-0.0013802046,-0.0007549238,-0.0953388,-0.0023502754,-0.006027778,-0.002064526,-0.09140832,-0.09087175,-0.09266466,-0.0032144254,-0.001188793,-0.10225814,-0.094507195,-0.09529573,0.0040113376,-0.10136218,0.004952526,-0.09449091,-0.099416584,-0.000117291114,-0.09630171,-0.004255031,-0.09096634,-0.09978697,-0.0036128268,-0.09264358,-0.09178474,-0.097837605,0.0001022662,-0.0033886582,-0.0036054968,0.00056941697,0.0025192783,-0.004872586,-0.09365405,-0.09735235,-0.0031706835,0.0034290927,-0.0058636535,-7.6793076e-05,-0.093893304,-0.002732387,-0.09981256,-0.0045344895,-0.003117085,0.006491161,0.003678029,-0.093927845,-0.00020752999,-0.09416679,-0.00617374,-0.10094526,0.004980468,-0.0020179623,-0.10242569,-0.00037426228,0.005216713,-0.004402845,-0.09482299,0.003357001,-0.10251405
192.168.1.26,0.0031045473,1.079421,1.0833864,1.0799798,-0.001434916,-0.002156511,1.0796268,1.0487973e-05,1.0835747,1.0795873,0.0040011103,0.001121247,1.0865995,0.00033020385,1.0806983,1.0816429,-0.0016072965,1.0787451,1.080079,0.002070721,0.0054031787,0.0018018177,1.079493,1.0780852,0.0017476504,-0.0025916698,-0.0048194155,1.0834389,-0.0025303503,1.0827074,1.0850648,1.0757232,1.0824708,-0.004665693,-0.003849683,0.0034337132,-0.0016133863,1.084927,0.0025570197,-0.0027073184,0.0036223943,1.075534,-0.0039760713,-0.0011425937,-0.0006466764,1.078939,-0.0055574235,0.0013636032,0.0018818174,-0.00022762333,1.0730729,1.0791322,1.0752455,0.0018192036,-0.0036956978,1.0793296,0.0062554544,-0.0041223955,-0.0013112333,1.0853903,-0.0054188054,-0.0049782763,1.0819024,-0.003320674,0.0033957658,0.0011737879,1.077606,-0.0013802046,-0.0007549238,1.0804698,-0.0023502754,-0.006027778,-0.002064526,1.0831798,1.0852501,1.0830044,-0.0032144254,-0.001188793,1.0733458,1.08155,1.0826457,0.0040113376,1.0743295,0.004952526,1.0814682,1.076318,-0.000117291114,1.0793679,-0.004255031,1.0846767,1.0764242,-0.0036128268,1.0831517,1.0840273,1.0791368,0.0001022662,-0.0033886582,-0.0036054968,0.00056941697,0.0025192783,-0.004872586,1.0824411,1.078628,-0.0031706835,0.0034290927,-0.0058636535,-7.6793076e-05,1.0822669,-0.002732387,1.0745815,-0.0045344895,-0.003117085,0.006491161,0.003678029,1.082076,-0.00020752999,1.0820558,-0.00617374,1.0750618,0.004980468,-0.0020179623,1.0736687,-0.00037426228,0.005216713,-0.004402845,1.0813636,0.003357001,1.0756861
192.168.1.4,0.0031045473,-0.65622723,-0.65262425,-0.6560841,-0.001434916,-0.002156511,-0.6560044,1.0487973e-05,-0.65251434,-0.65640056,0.0040011103,0.001121247,-0.6551039,0.00033020385,-0.65504605,-0.6539675,-0.0016072965,-0.6569915,-0.65534574,0.002070721,0.0054031787,0.0018018177,-0.65611374,-0.6569509,0.0017476504,-0.0025916698,-0.0048194155,-0.6521255,-0.0025303503,-0.6529553,-0.65088224,-0.6601995,-0.6530628,-0.004665693,-0.003849683,0.0034337132,-0.0016133863,-0.65083045,0.0025570197,-0.0027073184,0.0036223943,-0.6601486,-0.0039760713,-0.0011425937,-0.0006466764,-0.6566975,-0.0055574235,0.0013636032,0.0018818174,-0.00022762333,-0.66308445,-0.65633863,-0.66058236,0.0018192036,-0.0036956978,-0.6564692,0.0062554544,-0.0041223955,-0.0013112333,-0.6506049,-0.0054188054,-0.0049782763,-0.6537077,-0.003320674,0.0033957658,0.0011737879,-0.6581115,-0.0013802046,-0.0007549238,-0.6551051,-0.0023502754,-0.006027778,-0.002064526,-0.65161663,-0.6504777,-0.6526129,-0.0032144254,-0.001188793,-0.6621599,-0.6541624,-0.6538532,0.0040113376,-0.66121805,0.004952526,-0.65454316,-0.65922105,-0.000117291114,-0.65616953,-0.004255031,-0.6507979,-0.65955734,-0.0036128268,-0.65240747,-0.6517768,-0.6570581,0.0001022662,-0.0033886582,-0.0036054968,0.00056941697,0.0025192783,-0.004872586,-0.65347964,-0.6571855,-0.0031706835,0.0034290927,-0.0058636535,-7.6793076e-05,-0.6537313,-0.002732387,-0.66057175,-0.0045344895,-0.003117085,0.006491161,0.003678029,-0.653763,-0.00020752999,-0.65397006,-0.00617374,-0.6607809,0.004980468,-0.0020179623,-0.6620485,-0.00037426228,0.005216713,-0.004402845,-0.6549521,0.003357001,-0.6606969
192.168.1.25,0.0031045473,-0.32899877,-0.32547846,-0.32883343,-0.001434916,-0.002156511,-0.3288525,1.0487973e-05,-0.3253364,-0.3310583,0.0040011103,0.001121247,-0.32904014,0.00033020385,-0.32788247,-0.3267563,-0.0016072965,-0.32992512,-0.3282451,0.002070721,0.0054031787,0.0018018177,-0.32896712,-0.32953596,0.0017476504,-0.0025916698,-0.0048194155,-0.3249869,-0.0025303503,-0.32565817,-0.3239917,-0.33310866,-0.32608077,-0.004665693,-0.003849683,0.0034337132,-0.0016133863,-0.32361755,0.0025570197,-0.0027073184,0.0036223943,-0.33282095,-0.0039760713,-0.0011425937,-0.0006466764,-0.32954797,-0.0055574235,0.0013636032,0.0018818174,-0.00022762333,-0.33537433,-0.32929873,-0.33341476,0.0018192036,-0.0036956978,-0.329395,0.0062554544,-0.0041223955,-0.0013112333,-0.32336617,-0.0054188054,-0.0049782763,-0.32657376,-0.003320674,0.0033957658,0.0011737879,-0.3309954,-0.0013802046,-0.0007549238,-0.32791778,-0.0023502754,-0.006027778,-0.002064526,-0.32353628,-0.3232221,-0.3256781,-0.0032144254,-0.001188793,-0.33502895,-0.32691747,-0.3262318,0.0040113376,-0.33401284,0.004952526,-0.32850525,-0.33207354,-0.000117291114,-0.32897618,-0.004255031,-0.32350102,-0.33248058,-0.0036128268,-0.32517752,-0.32464525,-0.33005306,0.0001022662,-0.0033886582,-0.0036054968,0.00056941697,0.0025192783,-0.004872586,-0.32627913,-0.32994947,-0.0031706835,0.0034290927,-0.0058636535,-7.6793076e-05,-0.32662097,-0.002732387,-0.33434492,-0.0045344895,-0.003117085,0.006491161,0.003678029,-0.32659048,-0.00020752999,-0.32687303,-0.00617374,-0.33351547,0.004980468,-0.0020179623,-0.33487427,-0.00037426228,0.005216713,-0.004402845,-0.32772678,0.003357001,-0.33209306
192.168.1.45,0.0031045473,-0.81836665,-0.81477255,-0.8182685,-0.001434916,-0.002156511,-0.8182299,1.0487973e-05,-0.8148243,-0.82134265,0.0040011103,0.001121247,-0.81740564,0.00033020385,-0.81720555,-0.81611294,-0.0016072965,-0.8193271,-0.8176764,0.002070721,0.0054031787,0.0018018177,-0.818311,-0.81892174,0.0017476504,-0.0025916698,-0.0048194155,-0.8143567,-0.0025303503,-0.81495345,-0.81343114,-0.8224996,-0.81552833,-0.004665693,-0.003849683,0.0034337132,-0.0016133863,-0.81298155,0.0025570197,-0.0027073184,0.0036223943,-0.82213485,-0.0039760713,-0.0011425937,-0.0006466764,-0.81888855,-0.0055574235,0.0013636032,0.0018818174,-0.00022762333,-0.82439166,-0.8187152,-0.8227324,0.0018192036,-0.0036956978,-0.81876075,0.0062554544,-0.0041223955,-0.0013112333,-0.8128666,-0.0054188054,-0.0049782763,-0.8159627,-0.003320674,0.0033957658,0.0011737879,-0.8203482,-0.0013802046,-0.0007549238,-0.81726325,-0.0023502754,-0.006027778,-0.002064526,-0.8126994,-0.81252295,-0.8151566,-0.0032144254,-0.001188793,-0.8244253,-0.8162354,-0.8152044,0.0040113376,-0.82338387,0.004952526,-0.8182969,-0.82143575,-0.000117291114,-0.8183514,-0.004255031,-0.8128275,-0.8219333,-0.0036128268,-0.81450975,-0.81413496,-0.81934625,0.0001022662,-0.0033886582,-0.0036054968,0.00056941697,0.0025192783,-0.004872586,-0.8157132,-0.81935763,-0.0031706835,0.0034290927,-0.0058636535,-7.6793076e-05,-0.8160984,-0.002732387,-0.824195,-0.0045344895,-0.003117085,0.006491161,0.003678029,-0.8160184,-0.00020752999,-0.8163432,-0.00617374,-0.82292384,0.004980468,-0.0020179623,-0.82419646,-0.00037426228,0.005216713,-0.004402845,-0.8173489,0.003357001,-0.8206856
192.168.1.42,0.0031045473,-0.7812801,-0.7779182,-0.7812318,-0.001434916,-0.002156511,-0.78105825,1.0487973e-05,-0.7776328,-0.78105503,0.0040011103,0.001121247,-0.7839429,0.00033020385,-0.7802,-0.77902097,-0.0016072965,-0.78208184,-0.7802691,0.002070721,0.0054031787,0.0018018177,-0.7811934,-0.78169143,0.0017476504,-0.0025916698,-0.0048194155,-0.7771616,-0.0025303503,-0.7780746,-0.77605903,-0.78537333,-0.77804136,-0.004665693,-0.003849683,0.0034337132,-0.0016133863,-0.7759355,0.0025570197,-0.0027073184,0.0036223943,-0.78524935,-0.0039760713,-0.0011425937,-0.0006466764,-0.78178996,-0.0055574235,0.0013636032,0.0018818174,-0.00022762333,-0.7886023,-0.7813104,-0.7857753,0.0018192036,-0.0036956978,-0.78162104,0.0062554544,-0.0041223955,-0.0013112333,-0.77565926,-0.0054188054,-0.0049782763,-0.7787445,-0.003320674,0.0033957658,0.0011737879,-0.7832338,-0.0013802046,-0.0007549238,-0.7801609,-0.0023502754,-0.006027778,-0.002064526,-0.77633923,-0.7756272,-0.7776035,-0.0032144254,-0.001188793,-0.7871476,-0.7792902,-0.7795751,0.0040113376,-0.7862313,0.004952526,-0.77956694,-0.78425395,-0.000117291114,-0.7811777,-0.004255031,-0.7758079,-0.7846921,-0.0036128268,-0.7774603,-0.77678764,-0.7824518,0.0001022662,-0.0033886582,-0.0036054968,0.00056941697,0.0025192783,-0.004872586,-0.77858084,-0.7822623,-0.0031706835,0.0034290927,-0.0058636535,-7.6793076e-05,-0.77884364,-0.002732387,-0.7851442,-0.0045344895,-0.003117085,0.006491161,0.003678029,-0.7788439,-0.00020752999,-0.7791014,-0.00617374,-0.7858627,0.004980468,-0.0020179623,-0.7871893,-0.00037426228,0.005216713,-0.004402845,-0.78001183,0.003357001,-0.7865482
192.168.1.18,0.0031045473,-0.9226395,-0.9192986,-0.92263514,-0.001434916,-0.002156511,-0.9225043,1.0487973e-05,-0.9191618,-0.9252304,0.0040011103,0.001121247,-0.92567694,0.00033020385,-0.9215855,-0.9203869,-0.0016072965,-0.92364085,-0.9218172,0.002070721,0.0054031787,0.0018018177,-0.9226135,-0.92286634,0.0017476504,-0.0025916698,-0.0048194155,-0.9186141,-0.0025303503,-0.9192936,-0.9178403,-0.926899,-0.9197288,-0.004665693,-0.003849683,0.0034337132,-0.0016133863,-0.91730815,0.0025570197,-0.0027073184,0.0036223943,-0.9264547,-0.0039760713,-0.0011425937,-0.0006466764,-0.92320454,-0.0055574235,0.0013636032,0.0018818174,-0.00022762333,-0.9291357,-0.9229081,-0.9271513,0.0018192036,-0.0036956978,-0.9231392,0.0062554544,-0.0041223955,-0.0013112333,-0.9171357,-0.0054188054,-0.0049782763,-0.9202205,-0.003320674,0.0033957658,0.0011737879,-0.9246957,-0.0013802046,-0.0007549238,-0.9215396,-0.0023502754,-0.006027778,-0.002064526,-0.9166061,-0.9168957,-0.91937023,-0.0032144254,-0.001188793,-0.92863226,-0.9205853,-0.9201678,0.0040113376,-0.9276162,0.004952526,-0.92256546,-0.92569023,-0.000117291114,-0.92257756,-0.004255031,-0.91705406,-0.92629194,-0.0036128268,-0.9187835,-0.9183628,-0.92397606,0.0001022662,-0.0033886582,-0.0036054968,0.00056941697,0.0025192783,-0.004872586,-0.92003393,-0.92365247,-0.0031706835,0.0034290927,-0.0058636535,-7.6793076e-05,-0.92043036,-0.002732387,-0.9279877,-0.0045344895,-0.003117085,0.006491161,0.003678029,-0.9203188,-0.00020752999,-0.9206959,-0.00617374,-0.9272234,0.004980468,-0.0020179623,-0.92856205,-0.00037426228,0.005216713,-0.004402845,-0.9216197,0.003357001,-0.9257634
192.168.1.39,0.0031045473,-0.38964382,-0.3866119,-0.3896211,-0.001434916,-0.002156511,-0.3894129,1.0487973e-05,-0.38593927,-0.3881176,0.0040011103,0.001121247,-0.3973552,0.00033020385,-0.38871655,-0.3873969,-0.0016072965,-0.39045233,-0.38843518,0.002070721,0.0054031787,0.0018018177,-0.38961098,-0.38970032,0.0017476504,-0.0025916698,-0.0048194155,-0.38550735,-0.0025303503,-0.38657907,-0.38449115,-0.39384326,-0.38625294,-0.004665693,-0.003849683,0.0034337132,-0.0016133863,-0.3843563,0.0025570197,-0.0027073184,0.0036223943,-0.39371315,-0.0039760713,-0.0011425937,-0.0006466764,-0.3902223,-0.0055574235,0.0013636032,0.0018818174,-0.00022762333,-0.39779133,-0.3895451,-0.39433795,0.0018192036,-0.0036956978,-0.39009336,0.0062554544,-0.0041223955,-0.0013112333,-0.3838843,-0.0054188054,-0.0049782763,-0.3870708,-0.003320674,0.0033957658,0.0011737879,-0.39168817,-0.0013802046,-0.0007549238,-0.38855034,-0.0023502754,-0.006027778,-0.002064526,-0.3845371,-0.38415918,-0.3857972,-0.0032144254,-0.001188793,-0.39541668,-0.38778114,-0.3890317,0.0040113376,-0.3945517,0.004952526,-0.38750756,-0.39260525,-0.000117291114,-0.38948414,-0.004255031,-0.38416487,-0.3930573,-0.0036128268,-0.38585922,-0.38498348,-0.39125496,0.0001022662,-0.0033886582,-0.0036054968,0.00056941697,0.0025192783,-0.004872586,-0.38692483,-0.3906066,-0.0031706835,0.0034290927,-0.0058636535,-7.6793076e-05,-0.38716003,-0.002732387,-0.3925434,-0.0045344895,-0.003117085,0.006491161,0.003678029,-0.38717452,-0.00020752999,-0.3874431,-0.00617374,-0.39421016,0.004980468,-0.0020179623,-0.39569262,-0.00037426228,0.005216713,-0.004402845,-0.3881145,0.003357001,-0.3964859
192.168.1.32,0.0031045473,1.7035134,1.706703,1.7039483,-0.001434916,-0.002156511,1.7036945,1.0487973e-05,1.7076615,1.7050948,0.0040011103,0.001121247,1.6988361,0.00033020385,1.7044278,1.7057062,-0.0016072965,1.7027087,1.7045324,0.002070721,0.0054031787,0.0018018177,1.7034363,1.7031134,0.0017476504,-0.0025916698,-0.0048194155,1.7075264,-0.0025303503,1.7065568,1.7087559,1.6994715,1.7067437,-0.004665693,-0.003849683,0.0034337132,-0.0016133863,1.7088726,0.0025570197,-0.0027073184,0.0036223943,1.6994765,-0.0039760713,-0.0011425937,-0.0006466764,1.7028483,-0.0055574235,0.0013636032,0.0018818174,-0.00022762333,1.6957101,1.7034034,1.6988686,0.0018192036,-0.0036956978,1.7030818,0.0062554544,-0.0041223955,-0.0013112333,1.709694,-0.0054188054,-0.0049782763,1.7060189,-0.003320674,0.0033957658,0.0011737879,1.7014374,-0.0013802046,-0.0007549238,1.704499,-0.0023502754,-0.006027778,-0.002064526,1.7082739,1.7090067,1.7072632,-0.0032144254,-0.001188793,1.6975951,1.705387,1.7046164,0.0040113376,1.6985133,0.004952526,1.7056321,1.700408,-0.000117291114,1.7035794,-0.004255031,1.7088574,1.7003592,-0.0036128268,1.7071902,1.7083629,1.702111,0.0001022662,-0.0033886582,-0.0036054968,0.00056941697,0.0025192783,-0.004872586,1.7064991,1.7027286,-0.0031706835,0.0034290927,-0.0058636535,-7.6793076e-05,1.7063168,-0.002732387,1.7000965,-0.0045344895,-0.003117085,0.006491161,0.003678029,1.7061617,-0.00020752999,1.7060376,-0.00617374,1.6991673,0.004980468,-0.0020179623,1.697437,-0.00037426228,0.005216713,-0.004402845,1.7058337,0.003357001,1.6972921
192.168.1.47,0.0031045473,-0.058238093,-0.05434495,-0.057928696,-0.001434916,-0.002156511,-0.058192696,1.0487973e-05,-0.05461216,-0.064038,0.0040011103,0.001121247,-0.05252346,0.00033020385,-0.056994926,-0.05600755,-0.0016072965,-0.05932844,-0.057915166,0.002070721,0.0054031787,0.0018018177,-0.05824487,-0.059092846,0.0017476504,-0.0025916698,-0.0048194155,-0.05436916,-0.0025303503,-0.054641612,-0.053497903,-0.062328756,-0.055817623,-0.004665693,-0.003849683,0.0034337132,-0.0016133863,-0.052781645,0.0025570197,-0.0027073184,0.0036223943,-0.061811097,-0.0039760713,-0.0011425937,-0.0006466764,-0.058797825,-0.0055574235,0.0013636032,0.0018818174,-0.00022762333,-0.06293817,-0.05895169,-0.062450256,0.0018192036,-0.0036956978,-0.05865622,0.0062554544,-0.0041223955,-0.0013112333,-0.052686784,-0.0054188054,-0.0049782763,-0.0559752,-0.003320674,0.0033957658,0.0011737879,-0.060244005,-0.0013802046,-0.0007549238,-0.057186797,-0.0023502754,-0.006027778,-0.002064526,-0.052118935,-0.05220918,-0.055474855,-0.0032144254,-0.001188793,-0.06452518,-0.05596783,-0.05352133,0.0040113376,-0.06334952,0.004952526,-0.059612606,-0.06144527,-0.000117291114,-0.058339648,-0.004255031,-0.052697223,-0.061830148,-0.0036128268,-0.054387875,-0.054168303,-0.05892349,0.0001022662,-0.0033886582,-0.0036054968,0.00056941697,0.0025192783,-0.004872586,-0.055517547,-0.05916602,-0.0031706835,0.0034290927,-0.0058636535,-7.6793076e-05,-0.055985615,-0.002732387,-0.066039845,-0.0045344895,-0.003117085,0.006491161,0.003678029,-0.055895045,-0.00020752999,-0.056217387,-0.00617374,-0.06268623,0.004980468,-0.0020179623,-0.0639951,-0.00037426228,0.005216713,-0.004402845,-0.057143968,0.003357001,-0.057643402
192.168.1.7,0.0031045473,-0.05848008,-0.054800756,-0.058220092,-0.001434916,-0.002156511,-0.05834675,1.0487973e-05,-0.05474911,-0.061058912,0.0040011103,0.001121247,-0.05602743,0.00033020385,-0.057306655,-0.056243274,-0.0016072965,-0.059402846,-0.057840407,0.002070721,0.0054031787,0.0018018177,-0.05844883,-0.059218988,0.0017476504,-0.0025916698,-0.0048194155,-0.054498892,-0.0025303503,-0.05508713,-0.053433444,-0.06251919,-0.055655085,-0.004665693,-0.003849683,0.0034337132,-0.0016133863,-0.05306121,0.0025570197,-0.0027073184,0.0036223943,-0.062254246,-0.0039760713,-0.0011425937,-0.0006466764,-0.059020016,-0.0055574235,0.0013636032,0.0018818174,-0.00022762333,-0.06446045,-0.058872625,-0.06280818,0.0018192036,-0.0036956978,-0.058830813,0.0062554544,-0.0041223955,-0.0013112333,-0.05281541,-0.0054188054,-0.0049782763,-0.056082446,-0.003320674,0.0033957658,0.0011737879,-0.060448095,-0.0013802046,-0.0007549238,-0.05740945,-0.0023502754,-0.006027778,-0.002064526,-0.053136382,-0.052634757,-0.05524458,-0.0032144254,-0.001188793,-0.06457588,-0.056345396,-0.05518552,0.0040113376,-0.063529104,0.004952526,-0.058167763,-0.06158821,-0.000117291114,-0.058495376,-0.004255031,-0.05300946,-0.06190977,-0.0036128268,-0.054665186,-0.05415328,-0.059328314,0.0001022662,-0.0033886582,-0.0036054968,0.00056941697,0.0025192783,-0.004872586,-0.055713132,-0.059400577,-0.0031706835,0.0034290927,-0.0058636535,-7.6793076e-05,-0.056059163,-0.002732387,-0.064314805,-0.0045344895,-0.003117085,0.006491161,0.003678029,-0.056048185,-0.00020752999,-0.056298025,-0.00617374,-0.062956266,0.004980468,-0.0020179623,-0.06430595,-0.00037426228,0.005216713,-0.004402845,-0.057148132,0.003357001,-0.06081654
192.168.1.27,0.0031045473,-0.7034404,-0.6997044,-0.70327234,-0.001434916,-0.002156511,-0.703258,1.0487973e-05,-0.69978046,-0.70519036,0.0040011103,0.001121247,-0.7002701,0.00033020385,-0.7022105,-0.70118207,-0.0016072965,-0.70427805,-0.7027215,0.002070721,0.0054031787,0.0018018177,-0.70333695,-0.7042575,0.0017476504,-0.0025916698,-0.0048194155,-0.69939005,-0.0025303503,-0.700062,-0.6982216,-0.7074218,-0.70047224,-0.004665693,-0.003849683,0.0034337132,-0.0016133863,-0.69802046,0.0025570197,-0.0027073184,0.0036223943,-0.70726126,-0.0039760713,-0.0011425937,-0.0006466764,-0.7039108,-0.0055574235,0.0013636032,0.0018818174,-0.00022762333,-0.70963544,-0.7037086,-0.7077211,0.0018192036,-0.0036956978,-0.70369834,0.0062554544,-0.0041223955,-0.0013112333,-0.69788486,-0.0054188054,-0.0049782763,-0.70098466,-0.003320674,0.0033957658,0.0011737879,-0.70533067,-0.0013802046,-0.0007549238,-0.7023238,-0.0023502754,-0.006027778,-0.002064526,-0.6985105,-0.69759023,-0.7000538,-0.0032144254,-0.001188793,-0.7094684,-0.7013006,-0.70030475,0.0040113376,-0.70846444,0.004952526,-0.7025454,-0.70647883,-0.000117291114,-0.70342827,-0.004255031,-0.69798106,-0.7068417,-0.0036128268,-0.69960034,-0.69912297,-0.7041501,0.0001022662,-0.0033886582,-0.0036054968,0.00056941697,0.0025192783,-0.004872586,-0.7007156,-0.70440465,-0.0031706835,0.0034290927,-0.0058636535,-7.6793076e-05,-0.701025,-0.002732387,-0.7087658,-0.0045344895,-0.003117085,0.006491161,0.003678029,-0.70101947,-0.00020752999,-0.7012574,-0.00617374,-0.70798415,0.004980468,-0.0020179623,-0.7092143,-0.00037426228,0.005216713,-0.004402845,-0.70230067,0.003357001,-0.7064291
192.168.1.36,0.0031045473,0.66730034,0.67087346,0.6676709,-0.001434916,-0.002156511,0.66752166,1.0487973e-05,0.6713219,0.6683897,0.0040011103,0.001121247,0.66832924,0.00033020385,0.66842633,0.66952664,-0.0016072965,0.6665898,0.66820186,0.002070721,0.0054031787,0.0018018177,0.6673513,0.66646963,0.0017476504,-0.0025916698,-0.0048194155,0.67136633,-0.0025303503,0.67047054,0.67278546,0.663419,0.67052144,-0.004665693,-0.003849683,0.0034337132,-0.0016133863,0.6727189,0.0025570197,-0.0027073184,0.0036223943,0.6633183,-0.0039760713,-0.0011425937,-0.0006466764,0.6667686,-0.0055574235,0.0013636032,0.0018818174,-0.00022762333,0.66010153,0.6671869,0.6629032,0.0018192036,-0.0036956978,0.6670709,0.0062554544,-0.0041223955,-0.0013112333,0.6732345,-0.0054188054,-0.0049782763,0.6698287,-0.003320674,0.0033957658,0.0011737879,0.6653934,-0.0013802046,-0.0007549238,0.6683596,-0.0023502754,-0.006027778,-0.002064526,0.67148566,0.6729679,0.6710372,-0.0032144254,-0.001188793,0.66135746,0.6693061,0.6693447,0.0040113376,0.66228086,0.004952526,0.6695751,0.66425365,-0.000117291114,0.66733664,-0.004255031,0.672627,0.6641761,-0.0036128268,0.6710379,0.6719734,0.6664603,0.0001022662,-0.0033886582,-0.0036054968,0.00056941697,0.0025192783,-0.004872586,0.67022586,0.66645485,-0.0031706835,0.0034290927,-0.0058636535,-7.6793076e-05,0.6700528,-0.002732387,0.6634254,-0.0045344895,-0.003117085,0.006491161,0.003678029,0.66990525,-0.00020752999,0.66980475,-0.00617374,0.6628733,0.004980468,-0.0020179623,0.6614163,-0.00037426228,0.005216713,-0.004402845,0.6691709,0.003357001,0.6620132
192.168.1.43,0.0031045473,0.46734318,0.4705095,0.4675498,-0.001434916,-0.002156511,0.4675146,1.0487973e-05,0.47118264,0.46756792,0.0040011103,0.001121247,0.4620511,0.00033020385,0.46828696,0.46956372,-0.0016072965,0.4664632,0.46834925,0.002070721,0.0054031787,0.0018018177,0.46731222,0.4671141,0.0017476504,-0.0025916698,-0.0048194155,0.47138268,-0.0025303503,0.47047806,0.4723969,0.46317607,0.47050384,-0.004665693,-0.003849683,0.0034337132,-0.0016133863,0.47267175,0.0025570197,-0.0027073184,0.0036223943,0.46336642,-0.0039760713,-0.0011425937,-0.0006466764,0.46671647,-0.0055574235,0.0013636032,0.0018818174,-0.00022762333,0.45983413,0.46722728,0.4627079,0.0018192036,-0.0036956978,0.4668656,0.0062554544,-0.0041223955,-0.0013112333,0.47322965,-0.0054188054,-0.0049782763,0.469833,-0.003320674,0.0033957658,0.0011737879,0.4652642,-0.0013802046,-0.0007549238,0.46838346,-0.0023502754,-0.006027778,-0.002064526,0.4726491,0.47289947,0.47095957,-0.0032144254,-0.001188793,0.46143523,0.4692616,0.4687027,0.0040113376,0.46237206,0.004952526,0.46877614,0.4642822,-0.000117291114,0.46742964,-0.004255031,0.4727957,0.46396247,-0.0036128268,0.47109592,0.471978,0.4658559,0.0001022662,-0.0033886582,-0.0036054968,0.00056941697,0.0025192783,-0.004872586,0.47014996,0.46644908,-0.0031706835,0.0034290927,-0.0058636535,-7.6793076e-05,0.46988273,-0.002732387,0.46344388,-0.0045344895,-0.003117085,0.006491161,0.003678029,0.46984702,-0.00020752999,0.46960446,-0.00617374,0.4628766,0.004980468,-0.0020179623,0.46130553,-0.00037426228,0.005216713,-0.004402845,0.4691012,0.003357001,0.46192
192.168.1.46,0.0031045473,-0.43687335,-0.43339527,-0.4367314,-0.001434916,-0.002156511,-0.4366716,1.0487973e-05,-0.43315843,-0.43722498,0.0040011103,0.001121247,-0.43765265,0.00033020385,-0.43575865,-0.43462268,-0.0016072965,-0.43769002,-0.4359702,0.002070721,0.0054031787,0.0018018177,-0.4368015,-0.43743154,0.0017476504,-0.0025916698,-0.0048194155,-0.4327932,-0.0025303503,-0.4336238,-0.4316526,-0.44091913,-0.4337377,-0.004665693,-0.003849683,0.0034337132,-0.0016133863,-0.43149891,0.0025570197,-0.0027073184,0.0036223943,-0.44079515,-0.0039760713,-0.0011425937,-0.0006466764,-0.43738836,-0.0055574235,0.0013636032,0.0018818174,-0.00022762333,-0.4438347,-0.43700227,-0.4413071,0.0018192036,-0.0036956978,-0.43719593,0.0062554544,-0.0041223955,-0.0013112333,-0.43120575,-0.0054188054,-0.0049782763,-0.43437108,-0.003320674,0.0033957658,0.0011737879,-0.43881947,-0.0013802046,-0.0007549238,-0.43577173,-0.0023502754,-0.006027778,-0.002064526,-0.43195516,-0.43116772,-0.43329602,-0.0032144254,-0.001188793,-0.44280672,-0.43484238,-0.4347105,0.0040113376,-0.44185787,0.004952526,-0.4354233,-0.43988845,-0.000117291114,-0.43680853,-0.004255031,-0.4314211,-0.44024986,-0.0036128268,-0.43306422,-0.43240085,-0.43790486,0.0001022662,-0.0033886582,-0.0036054968,0.00056941697,0.0025192783,-0.004872586,-0.43412828,-0.43782383,-0.0031706835,0.0034290927,-0.0058636535,-7.6793076e-05,-0.43440086,-0.002732387,-0.44123125,-0.0045344895,-0.003117085,0.006491161,0.003678029,-0.434416,-0.00020752999,-0.4346501,-0.00617374,-0.4414111,0.004980468,-0.0020179623,-0.44275382,-0.00037426228,0.005216713,-0.004402845,-0.43551925,0.003357001,-0.44140682
192.168.1.48,0.0031045473,-0.6300201,-0.6270613,-0.63004655,-0.001434916,-0.002156511,-0.62967926,1.0487973e-05,-0.62621367,-0.6250627,0.0040011103,0.001121247,-0.6389135,0.00033020385,-0.62908965,-0.62775713,-0.0016072965,-0.63060546,-0.6285189,0.002070721,0.0054031787,0.0018018177,-0.6299043,-0.6301412,0.0017476504,-0.0025916698,-0.0048194155,-0.62574875,-0.0025303503,-0.6271358,-0.6244249,-0.63408506,-0.6261933,-0.004665693,-0.003849683,0.0034337132,-0.0016133863,-0.6247453,0.0025570197,-0.0027073184,0.0036223943,-0.63429064,-0.0039760713,-0.0011425937,-0.0006466764,-0.630529,-0.0055574235,0.0013636032,0.0018818174,-0.00022762333,-0.6393357,-0.6295809,-0.6347442,0.0018192036,-0.0036956978,-0.6303153,0.0062554544,-0.0041223955,-0.0013112333,-0.6241974,-0.0054188054,-0.0049782763,-0.6272937,-0.003320674,0.0033957658,0.0011737879,-0.6319583,-0.0013802046,-0.0007549238,-0.6288853,-0.0023502754,-0.006027778,-0.002064526,-0.6260328,-0.6246727,-0.62566036,-0.0032144254,-0.001188793,-0.63560075,-0.62825686,-0.6305916,0.0040113376,-0.6348706,0.004952526,-0.6259436,-0.6328603,-0.000117291114,-0.6297829,-0.004255031,-0.62463754,-0.63322127,-0.0036128268,-0.62626046,-0.6251272,-0.6315681,0.0001022662,-0.0033886582,-0.0036054968,0.00056941697,0.0025192783,-0.004872586,-0.62725234,-0.6309852,-0.0031706835,0.0034290927,-0.0058636535,-7.6793076e-05,-0.62734026,-0.002732387,-0.6309443,-0.0045344895,-0.003117085,0.006491161,0.003678029,-0.6274547,-0.00020752999,-0.62762237,-0.00617374,-0.63463306,0.004980468,-0.0020179623,-0.6360739,-0.00037426228,0.005216713,-0.004402845,-0.62834054,0.003357001,-0.63973475
192.168.1.28,0.0031045473,-0.7374094,-0.73407197,-0.737361,-0.001434916,-0.002156511,-0.7371915,1.0487973e-05,-0.73376167,-0.73721904,0.0040011103,0.001121247,-0.74044555,0.00033020385,-0.7363427,-0.7351526,-0.0016072965,-0.7382214,-0.7363939,0.002070721,0.0054031787,0.0018018177,-0.7373307,-0.73778695,0.0017476504,-0.0025916698,-0.0048194155,-0.7332953,-0.0025303503,-0.7342082,-0.73221403,-0.74151736,-0.7341765,-0.004665693,-0.003849683,0.0034337132,-0.0016133863,-0.7320692,0.0025570197,-0.0027073184,0.0036223943,-0.74137855,-0.0039760713,-0.0011425937,-0.0006466764,-0.73792696,-0.0055574235,0.0013636032,0.0018818174,-0.00022762333,-0.7447522,-0.7374433,-0.7419201,0.0018192036,-0.0036956978,-0.7377662,0.0062554544,-0.0041223955,-0.0013112333,-0.7317797,-0.0054188054,-0.0049782763,-0.73487693,-0.003320674,0.0033957658,0.0011737879,-0.73937523,-0.0013802046,-0.0007549238,-0.7362941,-0.0023502754,-0.006027778,-0.002064526,-0.7324062,-0.73176557,-0.7337408,-0.0032144254,-0.001188793,-0.74327713,-0.7354265,-0.73574644,0.0040113376,-0.7423603,0.004952526,-0.73574543,-0.7403877,-0.000117291114,-0.73730594,-0.004255031,-0.7319324,-0.7408318,-0.0036128268,-0.73359215,-0.7329125,-0.7386246,0.0001022662,-0.0033886582,-0.0036054968,0.00056941697,0.0025192783,-0.004872586,-0.7347106,-0.7383898,-0.0031706835,0.0034290927,-0.0058636535,-7.6793076e-05,-0.73497725,-0.002732387,-0.7412762,-0.0045344895,-0.003117085,0.006491161,0.003678029,-0.7349744,-0.00020752999,-0.7352372,-0.00617374,-0.7419887,0.004980468,-0.0020179623,-0.74333054,-0.00037426228,0.005216713,-0.004402845,-0.73612475,0.003357001,-0.7426895
192.168.1.16,0.0031045473,-0.8893792,-0.8865867,-0.88949955,-0.001434916,-0.002156511,-0.8890256,1.0487973e-05,-0.88563955,-0.88391376,0.0040011103,0.001121247,-0.90091753,0.00033020385,-0.88850874,-0.887111,-0.0016072965,-0.8899699,-0.8877613,0.002070721,0.0054031787,0.0018018177,-0.88926464,-0.8892894,0.0017476504,-0.0025916698,-0.0048194155,-0.88507736,-0.0025303503,-0.8865478,-0.883832,-0.8935202,-0.8854607,-0.004665693,-0.003849683,0.0034337132,-0.0016133863,-0.88414305,0.0025570197,-0.0027073184,0.0036223943,-0.893697,-0.0039760713,-0.0011425937,-0.0006466764,-0.88989997,-0.0055574235,0.0013636032,0.0018818174,-0.00022762333,-0.8990946,-0.88884777,-0.8941945,0.0018192036,-0.0036956978,-0.88972354,0.0062554544,-0.0041223955,-0.0013112333,-0.88358593,-0.0054188054,-0.0049782763,-0.88662547,-0.003320674,0.0033957658,0.0011737879,-0.8913487,-0.0013802046,-0.0007549238,-0.8882345,-0.0023502754,-0.006027778,-0.002064526,-0.8852532,-0.88410187,-0.8849345,-0.0032144254,-0.001188793,-0.89489394,-0.88766986,-0.89049345,0.0040113376,-0.8941942,0.004952526,-0.8851323,-0.89218646,-0.000117291114,-0.8891017,-0.004255031,-0.8839672,-0.8926343,-0.0036128268,-0.8856133,-0.8844573,-0.89114946,0.0001022662,-0.0033886582,-0.0036054968,0.00056941697,0.0025192783,-0.004872586,-0.88665783,-0.8903728,-0.0031706835,0.0034290927,-0.0058636535,-7.6793076e-05,-0.88674617,-0.002732387,-0.8898155,-0.0045344895,-0.003117085,0.006491161,0.003678029,-0.8868373,-0.00020752999,-0.8870385,-0.00617374,-0.8940308,0.004980468,-0.0020179623,-0.8954845,-0.00037426228,0.005216713,-0.004402845,-0.8877547,0.003357001,-0.8998564
